,coin_id,price,date
0,bitcoin,102552.24874280208,2025-01-27
1,bitcoin,101958.46953745594,2025-01-28
2,bitcoin,101313.11264498268,2025-01-29
3,bitcoin,103718.97939813643,2025-01-30
4,bitcoin,104781.5135100103,2025-01-31
5,bitcoin,102382.39409722164,2025-02-01
6,bitcoin,100674.78762544956,2025-02-02
7,bitcoin,97568.31653024876,2025-02-03
8,bitcoin,101466.8606657039,2025-02-04
9,bitcoin,98118.43921664466,2025-02-05
10,bitcoin,96582.88682919052,2025-02-06
11,bitcoin,96635.41875332213,2025-02-07
12,bitcoin,96558.4563096667,2025-02-08
13,bitcoin,96558.23762501092,2025-02-09
14,bitcoin,96548.57865379583,2025-02-10
15,bitcoin,97399.98161383196,2025-02-11
16,bitcoin,95739.9773707924,2025-02-12
17,bitcoin,97836.18856127484,2025-02-13
18,bitcoin,96561.6639990985,2025-02-14
19,bitcoin,97488.48148536457,2025-02-15
20,bitcoin,97569.95169430463,2025-02-16
21,bitcoin,96149.3484548204,2025-02-17
22,bitcoin,95776.15723852724,2025-02-18
23,bitcoin,95495.89153299289,2025-02-19
24,bitcoin,96554.87156259285,2025-02-20
25,bitcoin,98384.31738240314,2025-02-21
26,bitcoin,96135.15541305284,2025-02-22
27,bitcoin,96564.15414290236,2025-02-23
28,bitcoin,96327.46309127836,2025-02-24
29,bitcoin,91396.76686930266,2025-02-25
30,bitcoin,88755.7693356979,2025-02-26
31,bitcoin,83900.11496524839,2025-02-27
32,bitcoin,84709.14477847965,2025-02-28
33,bitcoin,84441.9012237131,2025-03-01
34,bitcoin,86005.25629681018,2025-03-02
35,bitcoin,94261.5328653844,2025-03-03
36,bitcoin,86124.71418722175,2025-03-04
37,bitcoin,87310.80531078295,2025-03-05
38,bitcoin,90604.08098523636,2025-03-06
39,bitcoin,90001.40087607042,2025-03-07
40,bitcoin,86773.33597555371,2025-03-08
41,bitcoin,86142.9833586432,2025-03-09
42,bitcoin,80751.13893300897,2025-03-10
43,bitcoin,78783.94057934263,2025-03-11
44,bitcoin,82799.1080292053,2025-03-12
45,bitcoin,83884.24578828987,2025-03-13
46,bitcoin,81098.90052436228,2025-03-14
47,bitcoin,83971.70916064628,2025-03-15
48,bitcoin,84391.69087647168,2025-03-16
49,bitcoin,82610.61750343916,2025-03-17
50,bitcoin,84075.36559694471,2025-03-18
51,bitcoin,82780.03048688271,2025-03-19
52,bitcoin,86815.44109470697,2025-03-20
53,bitcoin,84270.84358966233,2025-03-21
54,bitcoin,84009.532917822,2025-03-22
55,bitcoin,83793.30854192551,2025-03-23
56,bitcoin,85787.70914901773,2025-03-24
57,bitcoin,87327.72969669085,2025-03-25
58,bitcoin,87520.58391530563,2025-03-26
59,bitcoin,86960.8555491039,2025-03-27
60,bitcoin,87227.27158032371,2025-03-28
61,bitcoin,84359.46915506005,2025-03-29
62,bitcoin,82679.17255385047,2025-03-30
63,bitcoin,82356.38111183756,2025-03-31
64,bitcoin,82514.09365397849,2025-04-01
65,bitcoin,85237.5876052852,2025-04-02
66,bitcoin,82526.4221526433,2025-04-03
67,bitcoin,83163.98757387721,2025-04-04
68,bitcoin,83852.00765399594,2025-04-05
69,bitcoin,83595.88550177493,2025-04-06
70,bitcoin,78211.48358199988,2025-04-07
71,bitcoin,79179.29226757778,2025-04-08
72,bitcoin,76329.090356324,2025-04-09
73,bitcoin,82622.17029546302,2025-04-10
74,bitcoin,79596.35732250768,2025-04-11
75,bitcoin,83439.28818043756,2025-04-12
76,bitcoin,85305.09728392666,2025-04-13
77,bitcoin,83600.82010054543,2025-04-14
78,bitcoin,84523.4524914945,2025-04-15
79,bitcoin,83656.49248858042,2025-04-16
80,bitcoin,84105.77942167096,2025-04-17
81,bitcoin,84930.90857600998,2025-04-18
82,bitcoin,84433.75017215389,2025-04-19
83,bitcoin,85126.66244301842,2025-04-20
84,bitcoin,85073.16544858096,2025-04-21
85,bitcoin,87452.04699068287,2025-04-22
86,bitcoin,93576.1658857398,2025-04-23
87,bitcoin,93605.45230873208,2025-04-24
88,bitcoin,93872.81422867288,2025-04-25
89,bitcoin,94773.11200643536,2025-04-26
90,bitcoin,94644.06637120109,2025-04-27
91,bitcoin,93809.33781968225,2025-04-28
92,bitcoin,95030.60645474444,2025-04-29
93,bitcoin,94256.35946318062,2025-04-30
94,bitcoin,94235.75331048168,2025-05-01
95,bitcoin,96426.94522273028,2025-05-02
96,bitcoin,96855.5681343944,2025-05-03
97,bitcoin,95922.86842404422,2025-05-04
98,bitcoin,94326.62048529249,2025-05-05
99,bitcoin,94758.8237105546,2025-05-06
100,bitcoin,96854.53198815876,2025-05-07
101,bitcoin,97026.493769668,2025-05-08
102,bitcoin,103076.27555512934,2025-05-09
103,bitcoin,102962.540456923,2025-05-10
104,bitcoin,104630.8792994166,2025-05-11
105,bitcoin,103994.061616746,2025-05-12
106,bitcoin,102876.8304286011,2025-05-13
107,bitcoin,104184.49039270742,2025-05-14
108,bitcoin,103594.42575090707,2025-05-15
109,bitcoin,103708.8513642364,2025-05-16
110,bitcoin,103556.03493982446,2025-05-17
111,bitcoin,103212.36483885496,2025-05-18
112,bitcoin,106030.6376831359,2025-05-19
113,bitcoin,105629.41580436694,2025-05-20
114,bitcoin,106786.71995834044,2025-05-21
115,bitcoin,109665.86371625264,2025-05-22
116,bitcoin,111560.356938144,2025-05-23
117,bitcoin,107216.66856870624,2025-05-24
118,bitcoin,107831.36374380375,2025-05-25
119,bitcoin,108861.81037744328,2025-05-26
120,bitcoin,109377.71513263127,2025-05-27
121,bitcoin,109068.45694901443,2025-05-28
122,bitcoin,107838.18431100152,2025-05-29
123,bitcoin,105745.41660358038,2025-05-30
124,bitcoin,104010.91956242644,2025-05-31
125,bitcoin,104687.50742934884,2025-06-01
126,bitcoin,105710.00593822816,2025-06-02
127,bitcoin,105884.74263221148,2025-06-03
128,bitcoin,105434.47745144973,2025-06-04
129,bitcoin,104812.9182188067,2025-06-05
130,bitcoin,101650.7387545425,2025-06-06
131,bitcoin,104409.74967959142,2025-06-07
132,bitcoin,105681.4546141758,2025-06-08
133,bitcoin,105692.24740699006,2025-06-09
134,bitcoin,110261.57485948496,2025-06-10
135,bitcoin,110212.73252109604,2025-06-11
136,bitcoin,108679.9760916168,2025-06-12
137,bitcoin,105979.22902375912,2025-06-13
138,bitcoin,106045.56440819205,2025-06-14
139,bitcoin,105482.90611628916,2025-06-15
140,bitcoin,105554.49383061715,2025-06-16
141,bitcoin,106951.2720181497,2025-06-17
142,bitcoin,104683.42479835715,2025-06-18
143,bitcoin,104722.695052907,2025-06-19
144,bitcoin,104690.65002458123,2025-06-20
145,bitcoin,103290.105144757,2025-06-21
146,bitcoin,101532.5683847329,2025-06-22
147,bitcoin,100852.58264648831,2025-06-23
148,bitcoin,105511.62437933136,2025-06-24
149,bitcoin,105976.06929808448,2025-06-25
150,bitcoin,107238.53045016268,2025-06-26
151,bitcoin,106984.01253775664,2025-06-27
152,bitcoin,107078.91560644074,2025-06-28
153,bitcoin,107331.58548463575,2025-06-29
154,bitcoin,108396.61631317894,2025-06-30
155,bitcoin,107132.79910701896,2025-07-01
156,bitcoin,105613.39974163056,2025-07-02
157,bitcoin,108824.44423167944,2025-07-03
158,bitcoin,109602.20483914016,2025-07-04
159,bitcoin,108040.8919400104,2025-07-05
160,bitcoin,108217.46849992426,2025-07-06
161,bitcoin,109215.19771840284,2025-07-07
162,bitcoin,108300.71675785031,2025-07-08
163,bitcoin,108953.19187727802,2025-07-09
164,bitcoin,111327.53054245668,2025-07-10
165,bitcoin,115879.65030112496,2025-07-11
166,bitcoin,117571.02510036016,2025-07-12
167,bitcoin,117418.95745007684,2025-07-13
168,bitcoin,119117.55666327637,2025-07-14
169,bitcoin,119833.67446712356,2025-07-15
170,bitcoin,117678.19493404306,2025-07-16
171,bitcoin,118748.1627367753,2025-07-17
172,bitcoin,119445.36520434044,2025-07-18
173,bitcoin,117988.94664455787,2025-07-19
174,bitcoin,117901.62655900871,2025-07-20
175,bitcoin,117256.9208222684,2025-07-21
176,bitcoin,117482.46977767294,2025-07-22
177,bitcoin,119955.79570607652,2025-07-23
178,bitcoin,118629.05588130427,2025-07-24
179,bitcoin,118354.43517438594,2025-07-25
180,bitcoin,117540.8083708574,2025-07-26
181,bitcoin,117959.54234360624,2025-07-27
182,bitcoin,119418.91405141471,2025-07-28
183,bitcoin,118003.30201607826,2025-07-29
184,bitcoin,117853.30892863822,2025-07-30
185,bitcoin,117833.24087995924,2025-07-31
186,bitcoin,115700.00243915782,2025-08-01
187,bitcoin,113234.6051343189,2025-08-02
188,bitcoin,112554.90232221724,2025-08-03
189,bitcoin,114199.10966460756,2025-08-04
190,bitcoin,115138.68613070175,2025-08-05
191,bitcoin,114128.35408881678,2025-08-06
192,bitcoin,115022.09576830892,2025-08-07
193,bitcoin,117463.47451085236,2025-08-08
194,bitcoin,116688.36663186055,2025-08-09
195,bitcoin,116510.08393213755,2025-08-10
196,bitcoin,119266.92516880557,2025-08-11
197,bitcoin,118773.79960860992,2025-08-12
198,bitcoin,120202.53485503166,2025-08-13
199,bitcoin,123560.99363577303,2025-08-14
200,bitcoin,118405.59579823952,2025-08-15
201,bitcoin,117339.79190213275,2025-08-16
202,bitcoin,117501.21653394958,2025-08-17
203,bitcoin,117542.83687778088,2025-08-18
204,bitcoin,116256.41276740946,2025-08-19
205,bitcoin,112778.34483555844,2025-08-20
206,bitcoin,114252.39755195397,2025-08-21
207,bitcoin,112414.39987336512,2025-08-22
208,bitcoin,116834.24948202296,2025-08-23
209,bitcoin,115359.98346714744,2025-08-24
210,bitcoin,113399.54847314973,2025-08-25
211,bitcoin,110185.35443900424,2025-08-26
212,bitcoin,111842.70999260596,2025-08-27
213,bitcoin,111216.08479629167,2025-08-28
214,bitcoin,112525.59740669793,2025-08-29
215,bitcoin,108480.30666639366,2025-08-30
216,bitcoin,108781.95727925688,2025-08-31
217,bitcoin,108253.36092385623,2025-09-01
218,bitcoin,109162.68557992298,2025-09-02
219,bitcoin,111190.18209845416,2025-09-03
220,bitcoin,111711.51977725116,2025-09-04
221,bitcoin,110724.736377486,2025-09-05
222,bitcoin,110662.18112628513,2025-09-06
223,bitcoin,110209.1888247784,2025-09-07
224,bitcoin,111131.9923868407,2025-09-08
225,bitcoin,112025.12878118773,2025-09-09
226,bitcoin,111547.43956434788,2025-09-10
227,bitcoin,113975.32489468766,2025-09-11
228,bitcoin,115503.16663193036,2025-09-12
229,bitcoin,116160.14344594492,2025-09-13
230,bitcoin,115970.58488443034,2025-09-14
231,bitcoin,115373.55555886828,2025-09-15
232,bitcoin,115397.25272727507,2025-09-16
233,bitcoin,116762.8496864193,2025-09-17
234,bitcoin,116455.9464822532,2025-09-18
235,bitcoin,117145.49508952006,2025-09-19
236,bitcoin,115655.81046441344,2025-09-20
237,bitcoin,115715.51536781774,2025-09-21
238,bitcoin,115304.47999407038,2025-09-22
239,bitcoin,112696.74101711863,2025-09-23
240,bitcoin,112022.16587861197,2025-09-24
241,bitcoin,113320.56908541008,2025-09-25
242,bitcoin,108963.53013595636,2025-09-26
243,bitcoin,109710.20874667744,2025-09-27
244,bitcoin,109654.81021075726,2025-09-28
245,bitcoin,112142.57362752674,2025-09-29
246,bitcoin,114309.15041119448,2025-09-30
247,bitcoin,114024.22783550054,2025-10-01
248,bitcoin,118503.24451752484,2025-10-02
249,bitcoin,120611.71911591051,2025-10-03
250,bitcoin,122250.15186842805,2025-10-04
251,bitcoin,122380.93708463266,2025-10-05
252,bitcoin,123506.18520027678,2025-10-06
253,bitcoin,124773.50823074432,2025-10-07
254,bitcoin,121518.75593575073,2025-10-08
255,bitcoin,123352.50487523204,2025-10-09
256,bitcoin,121698.03066778315,2025-10-10
257,bitcoin,113201.74064138904,2025-10-11
258,bitcoin,110853.11663883904,2025-10-12
259,bitcoin,115189.5714637257,2025-10-13
260,bitcoin,115222.28302116522,2025-10-14
261,bitcoin,113156.56943826911,2025-10-15
262,bitcoin,110708.66960879424,2025-10-16
263,bitcoin,108076.72862033188,2025-10-17
264,bitcoin,106443.61194984637,2025-10-18
265,bitcoin,107156.00337647724,2025-10-19
266,bitcoin,108621.134857428,2025-10-20
267,bitcoin,110608.5714932665,2025-10-21
268,bitcoin,108486.1026271664,2025-10-22
269,bitcoin,107618.4266715404,2025-10-23
270,bitcoin,110048.51827291628,2025-10-24
271,bitcoin,110997.80437129698,2025-10-25
272,bitcoin,111620.3093731354,2025-10-26
273,bitcoin,114476.01227508576,2025-10-27
274,bitcoin,114182.79442806762,2025-10-28
275,bitcoin,112950.34863259472,2025-10-29
276,bitcoin,110046.66925837284,2025-10-30
277,bitcoin,108240.76528725718,2025-10-31
278,bitcoin,109573.90555629117,2025-11-01
279,bitcoin,110014.13556776088,2025-11-02
280,bitcoin,110650.2092823146,2025-11-03
281,bitcoin,106521.0867382576,2025-11-04
282,bitcoin,101635.2740227234,2025-11-05
283,bitcoin,103877.9596595516,2025-11-06
284,bitcoin,101322.6402945857,2025-11-07
285,bitcoin,103396.084215925,2025-11-08
286,bitcoin,102290.13714655169,2025-11-09
287,bitcoin,104709.67861656273,2025-11-10
288,bitcoin,105909.07272321742,2025-11-11
289,bitcoin,102960.77564500563,2025-11-12
290,bitcoin,101521.70859453591,2025-11-13
291,bitcoin,99730.4533956204,2025-11-14
292,bitcoin,94456.39368235336,2025-11-15
293,bitcoin,95508.31019889197,2025-11-16
294,bitcoin,94411.32947182968,2025-11-17
295,bitcoin,92036.7255045672,2025-11-18
296,bitcoin,92819.759215009,2025-11-19
297,bitcoin,91363.27838693369,2025-11-20
298,bitcoin,86649.97257918229,2025-11-21
299,bitcoin,85051.8019295002,2025-11-22
300,bitcoin,84682.62429147748,2025-11-23
301,bitcoin,86783.84766839583,2025-11-24
302,bitcoin,88229.35740719768,2025-11-25
303,bitcoin,87310.33159950442,2025-11-26
304,bitcoin,90474.22677969698,2025-11-27
305,bitcoin,91279.06057176425,2025-11-28
306,bitcoin,90950.37695910994,2025-11-29
307,bitcoin,90841.45258193676,2025-11-30
308,bitcoin,90406.28448571144,2025-12-01
309,bitcoin,86281.49519776918,2025-12-02
310,bitcoin,91344.73275150164,2025-12-03
311,bitcoin,93619.43750817105,2025-12-04
312,bitcoin,92140.70419795792,2025-12-05
313,bitcoin,89307.09154512963,2025-12-06
314,bitcoin,89244.7620814118,2025-12-07
315,bitcoin,90162.90714007126,2025-12-08
316,bitcoin,90618.0535204608,2025-12-09
317,bitcoin,92723.21372069632,2025-12-10
318,bitcoin,92005.13714957412,2025-12-11
319,bitcoin,92494.17691640416,2025-12-12
320,bitcoin,90307.26028567804,2025-12-13
321,bitcoin,90257.4292885891,2025-12-14
322,bitcoin,88230.77409367911,2025-12-15
323,bitcoin,86413.9190195637,2025-12-16
324,bitcoin,87821.88919109134,2025-12-17
325,bitcoin,86064.94716216,2025-12-18
326,bitcoin,85450.3312009302,2025-12-19
327,bitcoin,88103.86075721023,2025-12-20
328,bitcoin,88347.94310567998,2025-12-21
329,bitcoin,88577.42038358838,2025-12-22
330,bitcoin,88491.12020788102,2025-12-23
331,bitcoin,87406.43636737975,2025-12-24
332,bitcoin,87642.60888119951,2025-12-25
333,bitcoin,87229.78066010943,2025-12-26
334,bitcoin,87305.95655961394,2025-12-27
335,bitcoin,87807.003210775,2025-12-28
336,bitcoin,87822.90829076794,2025-12-29
337,bitcoin,87156.56266080117,2025-12-30
338,bitcoin,88414.62856073362,2025-12-31
339,bitcoin,87520.18048742875,2026-01-01
340,bitcoin,88727.67004249741,2026-01-02
341,bitcoin,89926.27924953419,2026-01-03
342,bitcoin,90593.85443180415,2026-01-04
343,bitcoin,91373.21588108438,2026-01-05
344,bitcoin,93926.7956485658,2026-01-06
345,bitcoin,93666.86387314304,2026-01-07
346,bitcoin,91257.15544035909,2026-01-08
347,bitcoin,90983.51578142623,2026-01-09
348,bitcoin,90504.8956034002,2026-01-10
349,bitcoin,90442.01907847,2026-01-11
350,bitcoin,90819.36598904192,2026-01-12
351,bitcoin,91134.96917951509,2026-01-13
352,bitcoin,95260.4422971001,2026-01-14
353,bitcoin,97007.78078881276,2026-01-15
354,bitcoin,95584.82797878512,2026-01-16
355,bitcoin,95516.07771987125,2026-01-17
356,bitcoin,95099.53192554633,2026-01-18
357,bitcoin,93752.70577188236,2026-01-19
358,bitcoin,92558.46334372148,2026-01-20
359,bitcoin,88312.84053255555,2026-01-21
360,bitcoin,89354.34377512129,2026-01-22
361,bitcoin,89443.39744146909,2026-01-23
362,bitcoin,89412.39849953113,2026-01-24
363,bitcoin,89170.87364531498,2026-01-25
364,bitcoin,86548.32213469829,2026-01-26
366,ethereum,3232.2767744705584,2025-01-27
367,ethereum,3173.5346079397173,2025-01-28
368,ethereum,3076.4937692857234,2025-01-29
369,ethereum,3114.4358854363104,2025-01-30
370,ethereum,3248.249484352305,2025-01-31
371,ethereum,3296.390634843652,2025-02-01
372,ethereum,3125.0386801320924,2025-02-02
373,ethereum,2862.6976188716285,2025-02-03
374,ethereum,2877.8138239498767,2025-02-04
375,ethereum,2740.3809762760143,2025-02-05
376,ethereum,2790.5521609256075,2025-02-06
377,ethereum,2686.662316793651,2025-02-07
378,ethereum,2623.4507017824767,2025-02-08
379,ethereum,2635.6011418023404,2025-02-09
380,ethereum,2632.5358220552475,2025-02-10
381,ethereum,2660.2967996436387,2025-02-11
382,ethereum,2603.0333698049267,2025-02-12
383,ethereum,2736.27031360324,2025-02-13
384,ethereum,2675.7090007037627,2025-02-14
385,ethereum,2724.669833587396,2025-02-15
386,ethereum,2692.8213863864253,2025-02-16
387,ethereum,2659.9017474093457,2025-02-17
388,ethereum,2741.9050800956124,2025-02-18
389,ethereum,2669.494500689608,2025-02-19
390,ethereum,2714.8018364720533,2025-02-20
391,ethereum,2741.5933625994785,2025-02-21
392,ethereum,2658.3470942919384,2025-02-22
393,ethereum,2764.355233404291,2025-02-23
394,ethereum,2827.1844084879804,2025-02-24
395,ethereum,2503.103420098605,2025-02-25
396,ethereum,2495.315451693047,2025-02-26
397,ethereum,2325.853934699374,2025-02-27
398,ethereum,2305.322937802984,2025-02-28
399,ethereum,2235.204208608959,2025-03-01
400,ethereum,2212.8243514969954,2025-03-02
401,ethereum,2517.3382391622977,2025-03-03
402,ethereum,2148.199533470228,2025-03-04
403,ethereum,2171.496943535016,2025-03-05
404,ethereum,2241.3841149187283,2025-03-06
405,ethereum,2202.3207363495417,2025-03-07
406,ethereum,2140.7498089428914,2025-03-08
407,ethereum,2199.9995000805707,2025-03-09
408,ethereum,2017.265460184326,2025-03-10
409,ethereum,1879.1231054991024,2025-03-11
410,ethereum,1921.3099227587036,2025-03-12
411,ethereum,1910.6551381032464,2025-03-13
412,ethereum,1862.7949366490388,2025-03-14
413,ethereum,1910.6662703455045,2025-03-15
414,ethereum,1939.7856881721348,2025-03-16
415,ethereum,1887.7643429692785,2025-03-17
416,ethereum,1929.183357761872,2025-03-18
417,ethereum,1932.7964059050655,2025-03-19
418,ethereum,2060.728601068271,2025-03-20
419,ethereum,1980.831780524645,2025-03-21
420,ethereum,1964.5293833168291,2025-03-22
421,ethereum,1979.5449257665969,2025-03-23
422,ethereum,2001.0470230951885,2025-03-24
423,ethereum,2077.739325831977,2025-03-25
424,ethereum,2068.598435049149,2025-03-26
425,ethereum,2009.8835432902424,2025-03-27
426,ethereum,2003.3034241292064,2025-03-28
427,ethereum,1896.9173600459983,2025-03-29
428,ethereum,1829.2745211803465,2025-03-30
429,ethereum,1805.3378779435932,2025-03-31
430,ethereum,1824.207136760985,2025-04-01
431,ethereum,1907.1671522994227,2025-04-02
432,ethereum,1795.761850567479,2025-04-03
433,ethereum,1818.2844199542053,2025-04-04
434,ethereum,1814.4807753449504,2025-04-05
435,ethereum,1809.935827172196,2025-04-06
436,ethereum,1574.6321611455576,2025-04-07
437,ethereum,1555.909812570873,2025-04-08
438,ethereum,1471.3608854365525,2025-04-09
439,ethereum,1662.5331604641576,2025-04-10
440,ethereum,1523.928624242526,2025-04-11
441,ethereum,1568.131690125936,2025-04-12
442,ethereum,1645.8625733156498,2025-04-13
443,ethereum,1595.4227460001084,2025-04-14
444,ethereum,1621.543195596693,2025-04-15
445,ethereum,1587.82222440214,2025-04-16
446,ethereum,1577.7073516760115,2025-04-17
447,ethereum,1583.4764497002343,2025-04-18
448,ethereum,1589.1516208270757,2025-04-19
449,ethereum,1615.0502549158562,2025-04-20
450,ethereum,1585.4600253443446,2025-04-21
451,ethereum,1577.4465595922347,2025-04-22
452,ethereum,1759.7064599311093,2025-04-23
453,ethereum,1793.969849485534,2025-04-24
454,ethereum,1769.3925107354407,2025-04-25
455,ethereum,1788.7981804331257,2025-04-26
456,ethereum,1821.2695303291391,2025-04-27
457,ethereum,1793.6918440730135,2025-04-28
458,ethereum,1799.50191449199,2025-04-29
459,ethereum,1796.9720456768928,2025-04-30
460,ethereum,1794.0495408617828,2025-05-01
461,ethereum,1838.8543285925757,2025-05-02
462,ethereum,1841.427590836958,2025-05-03
463,ethereum,1834.501911876416,2025-05-04
464,ethereum,1808.156093844096,2025-05-05
465,ethereum,1820.00445988936,2025-05-06
466,ethereum,1816.168694381844,2025-05-07
467,ethereum,1810.316926928448,2025-05-08
468,ethereum,2197.5611893238784,2025-05-09
469,ethereum,2341.407963002621,2025-05-10
470,ethereum,2583.6829051429518,2025-05-11
471,ethereum,2507.4693107597423,2025-05-12
472,ethereum,2492.426391077375,2025-05-13
473,ethereum,2676.639163127913,2025-05-14
474,ethereum,2603.718088719961,2025-05-15
475,ethereum,2542.296692466797,2025-05-16
476,ethereum,2544.3870377235667,2025-05-17
477,ethereum,2475.0543933696918,2025-05-18
478,ethereum,2465.3409856139087,2025-05-19
479,ethereum,2526.989643891319,2025-05-20
480,ethereum,2524.2743433146065,2025-05-21
481,ethereum,2558.9502343769486,2025-05-22
482,ethereum,2657.1674447566115,2025-05-23
483,ethereum,2519.813809045145,2025-05-24
484,ethereum,2529.4429842284358,2025-05-25
485,ethereum,2546.6201163370915,2025-05-26
486,ethereum,2562.172928639224,2025-05-27
487,ethereum,2662.0940568241435,2025-05-28
488,ethereum,2676.2674124507,2025-05-29
489,ethereum,2633.139206528669,2025-05-30
490,ethereum,2524.4762348050726,2025-05-31
491,ethereum,2532.3627853090866,2025-06-01
492,ethereum,2538.3300584367485,2025-06-02
493,ethereum,2609.737253959435,2025-06-03
494,ethereum,2595.4689570063,2025-06-04
495,ethereum,2610.343189828259,2025-06-05
496,ethereum,2421.601103763502,2025-06-06
497,ethereum,2481.4039836690267,2025-06-07
498,ethereum,2526.291995889778,2025-06-08
499,ethereum,2508.784123584585,2025-06-09
500,ethereum,2685.0001850413178,2025-06-10
501,ethereum,2808.503208314919,2025-06-11
502,ethereum,2776.1371915822333,2025-06-12
503,ethereum,2653.158968452672,2025-06-13
504,ethereum,2577.04861752583,2025-06-14
505,ethereum,2534.070219535952,2025-06-15
506,ethereum,2547.845604092044,2025-06-16
507,ethereum,2561.329843569428,2025-06-17
508,ethereum,2514.986700576147,2025-06-18
509,ethereum,2521.3334233964915,2025-06-19
510,ethereum,2522.1791903642184,2025-06-20
511,ethereum,2405.695434213183,2025-06-21
512,ethereum,2270.581996055585,2025-06-22
513,ethereum,2227.4287266371684,2025-06-23
514,ethereum,2423.899644268608,2025-06-24
515,ethereum,2446.539301545049,2025-06-25
516,ethereum,2417.2267855277296,2025-06-26
517,ethereum,2415.031864876594,2025-06-27
518,ethereum,2423.0302896731746,2025-06-28
519,ethereum,2437.133001780241,2025-06-29
520,ethereum,2502.6672721177083,2025-06-30
521,ethereum,2488.190781689803,2025-07-01
522,ethereum,2405.1045592800183,2025-07-02
523,ethereum,2574.067718495133,2025-07-03
524,ethereum,2590.132231590221,2025-07-04
525,ethereum,2509.236345783362,2025-07-05
526,ethereum,2517.37917835065,2025-07-06
527,ethereum,2571.358192115984,2025-07-07
528,ethereum,2543.6317028067488,2025-07-08
529,ethereum,2615.7759888945047,2025-07-09
530,ethereum,2772.5795626609174,2025-07-10
531,ethereum,2948.4462027029053,2025-07-11
532,ethereum,2958.8514450990992,2025-07-12
533,ethereum,2942.9616055388096,2025-07-13
534,ethereum,2974.2654952333387,2025-07-14
535,ethereum,3012.179706905928,2025-07-15
536,ethereum,3133.069857747011,2025-07-16
537,ethereum,3368.126521526108,2025-07-17
538,ethereum,3481.8828152374017,2025-07-18
539,ethereum,3547.317079001209,2025-07-19
540,ethereum,3594.3185010809702,2025-07-20
541,ethereum,3758.605581813957,2025-07-21
542,ethereum,3765.453624023574,2025-07-22
543,ethereum,3746.940668731632,2025-07-23
544,ethereum,3630.053531480921,2025-07-24
545,ethereum,3708.4299352383423,2025-07-25
546,ethereum,3723.05290927856,2025-07-26
547,ethereum,3742.431425865992,2025-07-27
548,ethereum,3864.124837465477,2025-07-28
549,ethereum,3786.303845995956,2025-07-29
550,ethereum,3788.598371605823,2025-07-30
551,ethereum,3807.4166010824183,2025-07-31
552,ethereum,3696.66285308512,2025-08-01
553,ethereum,3483.1789551579504,2025-08-02
554,ethereum,3397.4855484143177,2025-08-03
555,ethereum,3497.573127822404,2025-08-04
556,ethereum,3715.709014855071,2025-08-05
557,ethereum,3612.442432236669,2025-08-06
558,ethereum,3684.0459195726726,2025-08-07
559,ethereum,3911.2609462690816,2025-08-08
560,ethereum,4012.97697001236,2025-08-09
561,ethereum,4265.563258333516,2025-08-10
562,ethereum,4253.591618951185,2025-08-11
563,ethereum,4228.824213261163,2025-08-12
564,ethereum,4606.809427709522,2025-08-13
565,ethereum,4763.652535322159,2025-08-14
566,ethereum,4554.291501538621,2025-08-15
567,ethereum,4430.532465017841,2025-08-16
568,ethereum,4426.826913311333,2025-08-17
569,ethereum,4487.118013759226,2025-08-18
570,ethereum,4317.275757328232,2025-08-19
571,ethereum,4074.495786100515,2025-08-20
572,ethereum,4330.491598768078,2025-08-21
573,ethereum,4224.438592580698,2025-08-22
574,ethereum,4829.225541798332,2025-08-23
575,ethereum,4773.884088598777,2025-08-24
576,ethereum,4778.10916071381,2025-08-25
577,ethereum,4381.626176071471,2025-08-26
578,ethereum,4602.369685333965,2025-08-27
579,ethereum,4500.1451479982325,2025-08-28
580,ethereum,4507.560431032719,2025-08-29
581,ethereum,4364.358521430426,2025-08-30
582,ethereum,4373.360357620914,2025-08-31
583,ethereum,4388.931464519364,2025-09-01
584,ethereum,4303.202222745541,2025-09-02
585,ethereum,4325.856306225941,2025-09-03
586,ethereum,4449.8670977283255,2025-09-04
587,ethereum,4298.094660544595,2025-09-05
588,ethereum,4306.613513100346,2025-09-06
589,ethereum,4273.110024157841,2025-09-07
590,ethereum,4304.032421076036,2025-09-08
591,ethereum,4309.685702772004,2025-09-09
592,ethereum,4309.342746120013,2025-09-10
593,ethereum,4347.476803670656,2025-09-11
594,ethereum,4459.31901599882,2025-09-12
595,ethereum,4708.841744149995,2025-09-13
596,ethereum,4667.699652630318,2025-09-14
597,ethereum,4609.786110950785,2025-09-15
598,ethereum,4524.244939102515,2025-09-16
599,ethereum,4504.266635522813,2025-09-17
600,ethereum,4591.768794331328,2025-09-18
601,ethereum,4590.636737213516,2025-09-19
602,ethereum,4470.479474009387,2025-09-20
603,ethereum,4481.799472368209,2025-09-21
604,ethereum,4452.87113037789,2025-09-22
605,ethereum,4199.951774017639,2025-09-23
606,ethereum,4166.1905498775295,2025-09-24
607,ethereum,4148.65682762035,2025-09-25
608,ethereum,3863.063287590725,2025-09-26
609,ethereum,4037.097921026092,2025-09-27
610,ethereum,4018.167453105732,2025-09-28
611,ethereum,4141.839664086501,2025-09-29
612,ethereum,4215.61278947927,2025-09-30
613,ethereum,4144.230463371581,2025-10-01
614,ethereum,4343.951983440489,2025-10-02
615,ethereum,4484.006245909478,2025-10-03
616,ethereum,4515.759068159723,2025-10-04
617,ethereum,4487.706651673285,2025-10-05
618,ethereum,4515.321391965295,2025-10-06
619,ethereum,4689.131734746596,2025-10-07
620,ethereum,4454.32846286666,2025-10-08
621,ethereum,4527.578004547945,2025-10-09
622,ethereum,4368.649439385323,2025-10-10
623,ethereum,3835.632842050135,2025-10-11
624,ethereum,3749.218185954949,2025-10-12
625,ethereum,4159.729307791921,2025-10-13
626,ethereum,4246.217461554773,2025-10-14
627,ethereum,4128.888447033946,2025-10-15
628,ethereum,3983.1544356894233,2025-10-16
629,ethereum,3890.1993012479857,2025-10-17
630,ethereum,3831.244175835675,2025-10-18
631,ethereum,3889.499030204316,2025-10-19
632,ethereum,3985.07656440468,2025-10-20
633,ethereum,3978.790155134436,2025-10-21
634,ethereum,3877.487197955012,2025-10-22
635,ethereum,3801.790795238292,2025-10-23
636,ethereum,3855.842116240121,2025-10-24
637,ethereum,3933.232269901015,2025-10-25
638,ethereum,3952.213557935584,2025-10-26
639,ethereum,4161.590896249249,2025-10-27
640,ethereum,4123.206220671679,2025-10-28
641,ethereum,3982.312789317544,2025-10-29
642,ethereum,3897.359267616961,2025-10-30
643,ethereum,3802.295364533181,2025-10-31
644,ethereum,3847.298177365196,2025-11-01
645,ethereum,3872.21189619576,2025-11-02
646,ethereum,3910.094769162728,2025-11-03
647,ethereum,3600.71550248779,2025-11-04
648,ethereum,3296.7437604313104,2025-11-05
649,ethereum,3427.690591370681,2025-11-06
650,ethereum,3308.918164921951,2025-11-07
651,ethereum,3434.35122852996,2025-11-08
652,ethereum,3401.4594003397083,2025-11-09
653,ethereum,3576.2547046627064,2025-11-10
654,ethereum,3564.610595799933,2025-11-11
655,ethereum,3416.781328259322,2025-11-12
656,ethereum,3409.6144555411624,2025-11-13
657,ethereum,3235.7276362968546,2025-11-14
658,ethereum,3106.601287865052,2025-11-15
659,ethereum,3170.1129807404664,2025-11-16
660,ethereum,3101.686799467,2025-11-17
661,ethereum,3021.302157630133,2025-11-18
662,ethereum,3117.2225871583155,2025-11-19
663,ethereum,3017.7483614097955,2025-11-20
664,ethereum,2832.068358334293,2025-11-21
665,ethereum,2764.735218675169,2025-11-22
666,ethereum,2768.6178294996357,2025-11-23
667,ethereum,2799.814934092464,2025-11-24
668,ethereum,2953.327645752226,2025-11-25
669,ethereum,2955.046469321271,2025-11-26
670,ethereum,3027.477249132549,2025-11-27
671,ethereum,3015.6118196920934,2025-11-28
672,ethereum,3033.135645414151,2025-11-29
673,ethereum,2991.2330117032598,2025-11-30
674,ethereum,2992.8341859495977,2025-12-01
675,ethereum,2799.0367919901605,2025-12-02
676,ethereum,2995.751149322771,2025-12-03
677,ethereum,3195.4089919085554,2025-12-04
678,ethereum,3133.698235618616,2025-12-05
679,ethereum,3022.6564205232035,2025-12-06
680,ethereum,3039.358573133242,2025-12-07
681,ethereum,3052.976330436545,2025-12-08
682,ethereum,3125.321462183988,2025-12-09
683,ethereum,3322.469217836626,2025-12-10
684,ethereum,3326.260211637518,2025-12-11
685,ethereum,3236.098620857857,2025-12-12
686,ethereum,3085.316694358101,2025-12-13
687,ethereum,3115.225428835284,2025-12-14
688,ethereum,3065.491235556364,2025-12-15
689,ethereum,2964.488557692104,2025-12-16
690,ethereum,2964.2627915054686,2025-12-17
691,ethereum,2827.8041755024283,2025-12-18
692,ethereum,2826.5948465107654,2025-12-19
693,ethereum,2976.796869557769,2025-12-20
694,ethereum,2977.162263207443,2025-12-21
695,ethereum,3001.6008377810244,2025-12-22
696,ethereum,3005.786780691547,2025-12-23
697,ethereum,2965.193660040505,2025-12-24
698,ethereum,2945.9878145019857,2025-12-25
699,ethereum,2904.252344599994,2025-12-26
700,ethereum,2926.695639112761,2025-12-27
701,ethereum,2948.862126257612,2025-12-28
702,ethereum,2947.8597605720547,2025-12-29
703,ethereum,2934.215601758931,2025-12-30
704,ethereum,2970.055474481003,2025-12-31
705,ethereum,2966.7741798134107,2026-01-01
706,ethereum,3000.4191168879165,2026-01-02
707,ethereum,3121.9006724537576,2026-01-03
708,ethereum,3126.041091396286,2026-01-04
709,ethereum,3139.057041912684,2026-01-05
710,ethereum,3228.2962247842056,2026-01-06
711,ethereum,3295.101927879638,2026-01-07
712,ethereum,3164.794750249208,2026-01-08
713,ethereum,3104.220322474917,2026-01-09
714,ethereum,3083.136117372436,2026-01-10
715,ethereum,3082.9653288303607,2026-01-11
716,ethereum,3119.361936037277,2026-01-12
717,ethereum,3090.2827206647894,2026-01-13
718,ethereum,3319.935407056508,2026-01-14
719,ethereum,3356.4964063628336,2026-01-15
720,ethereum,3318.203702349166,2026-01-16
721,ethereum,3296.062650076136,2026-01-17
722,ethereum,3306.8712226908783,2026-01-18
723,ethereum,3284.3194316465483,2026-01-19
724,ethereum,3185.6644636922747,2026-01-20
725,ethereum,2935.623419316041,2026-01-21
726,ethereum,2976.049146564133,2026-01-22
727,ethereum,2948.277889615024,2026-01-23
728,ethereum,2950.9128485703054,2026-01-24
729,ethereum,2949.197384616335,2026-01-25
730,ethereum,2814.1853835458546,2026-01-26
732,tether,0.9996182150055418,2025-01-27
733,tether,0.999879304264628,2025-01-28
734,tether,0.9993868651783552,2025-01-29
735,tether,0.999985107004834,2025-01-30
736,tether,1.0000920569534553,2025-01-31
737,tether,0.9997106059886262,2025-02-01
738,tether,0.9997524373355152,2025-02-02
739,tether,0.9997188116003192,2025-02-03
740,tether,1.0010450921652347,2025-02-04
741,tether,1.000261479065075,2025-02-05
742,tether,1.0000490560981925,2025-02-06
743,tether,1.0000773661564972,2025-02-07
744,tether,1.0002013848683518,2025-02-08
745,tether,1.0000525933192037,2025-02-09
746,tether,1.0001707328493536,2025-02-10
747,tether,1.0001766843203037,2025-02-11
748,tether,0.999841642955348,2025-02-12
749,tether,1.0000267749335805,2025-02-13
750,tether,1.0000784910750329,2025-02-14
751,tether,1.0000596582720735,2025-02-15
752,tether,1.000153614407417,2025-02-16
753,tether,1.000051896637565,2025-02-17
754,tether,0.9999438244956202,2025-02-18
755,tether,0.9993962090058426,2025-02-19
756,tether,0.9999000749968988,2025-02-20
757,tether,1.0001586048382205,2025-02-21
758,tether,0.9993985641805644,2025-02-22
759,tether,1.0000639024468476,2025-02-23
760,tether,0.9999829434393588,2025-02-24
761,tether,0.9997259292030104,2025-02-25
762,tether,0.9989297727310724,2025-02-26
763,tether,0.9985319980806387,2025-02-27
764,tether,0.9990511222032294,2025-02-28
765,tether,0.9994450907291424,2025-03-01
766,tether,0.9996008408280193,2025-03-02
767,tether,1.0000712083606202,2025-03-03
768,tether,0.9992530350286802,2025-03-04
769,tether,0.9997747181371494,2025-03-05
770,tether,0.9999746197251654,2025-03-06
771,tether,1.000018773779285,2025-03-07
772,tether,0.9995706677016682,2025-03-08
773,tether,0.9996766806828236,2025-03-09
774,tether,0.9996936236619808,2025-03-10
775,tether,0.9993765282172375,2025-03-11
776,tether,0.9997313886240716,2025-03-12
777,tether,0.9997426862936464,2025-03-13
778,tether,0.999535469471366,2025-03-14
779,tether,1.00000939408902,2025-03-15
780,tether,1.0000189048893415,2025-03-16
781,tether,0.9999001217350174,2025-03-17
782,tether,0.9999317742810434,2025-03-18
783,tether,0.9997951704482084,2025-03-19
784,tether,1.000251244533083,2025-03-20
785,tether,0.9994043292054364,2025-03-21
786,tether,0.9996326144792496,2025-03-22
787,tether,0.999831289786562,2025-03-23
788,tether,0.9999640741708667,2025-03-24
789,tether,1.0001710876347951,2025-03-25
790,tether,1.0001682617664287,2025-03-26
791,tether,1.0000800620713957,2025-03-27
792,tether,0.9997458571858368,2025-03-28
793,tether,0.9995155167001366,2025-03-29
794,tether,0.9996714495604068,2025-03-30
795,tether,0.9997883719976656,2025-03-31
796,tether,0.9997998177062254,2025-04-01
797,tether,0.9999825753524252,2025-04-02
798,tether,0.9997656585778126,2025-04-03
799,tether,0.9995717120873868,2025-04-04
800,tether,0.9996464752028552,2025-04-05
801,tether,0.999604694109694,2025-04-06
802,tether,0.9991203233591898,2025-04-07
803,tether,0.9995898515694868,2025-04-08
804,tether,0.9990462655067888,2025-04-09
805,tether,0.9997621498962728,2025-04-10
806,tether,0.9994140897807696,2025-04-11
807,tether,0.9995302194711758,2025-04-12
808,tether,0.999894927858812,2025-04-13
809,tether,0.9997121178272996,2025-04-14
810,tether,0.999933424815005,2025-04-15
811,tether,0.9999497641798488,2025-04-16
812,tether,1.000002611700067,2025-04-17
813,tether,1.00000586634771,2025-04-18
814,tether,0.9998455446122064,2025-04-19
815,tether,0.9999083639300108,2025-04-20
816,tether,0.9999760948031948,2025-04-21
817,tether,1.0000096563092031,2025-04-22
818,tether,1.0004298063652504,2025-04-23
819,tether,1.0003852686057302,2025-04-24
820,tether,1.0003890021201751,2025-04-25
821,tether,1.0006110387102658,2025-04-26
822,tether,1.0003249262539928,2025-04-27
823,tether,1.00033375492636,2025-04-28
824,tether,1.0002202294721647,2025-04-29
825,tether,1.0002713897319473,2025-04-30
826,tether,1.000085396458574,2025-05-01
827,tether,1.0002902932609476,2025-05-02
828,tether,1.0003720380689882,2025-05-03
829,tether,1.0002291163925612,2025-05-04
830,tether,1.0000388198237913,2025-05-05
831,tether,0.9999183177679312,2025-05-06
832,tether,0.9999414709946484,2025-05-07
833,tether,1.00018130004197,2025-05-08
834,tether,0.9999326461630238,2025-05-09
835,tether,1.0000674187168492,2025-05-10
836,tether,1.000084338434013,2025-05-11
837,tether,1.0001889600333305,2025-05-12
838,tether,1.0000362715451414,2025-05-13
839,tether,1.0001320179941608,2025-05-14
840,tether,1.0001635958929476,2025-05-15
841,tether,1.000133593656696,2025-05-16
842,tether,1.0002154837976236,2025-05-17
843,tether,1.0003034339013903,2025-05-18
844,tether,1.000310027601813,2025-05-19
845,tether,1.0002580445896925,2025-05-20
846,tether,1.0002557843757724,2025-05-21
847,tether,1.0003630194083748,2025-05-22
848,tether,1.0001861220516468,2025-05-23
849,tether,1.000092076028757,2025-05-24
850,tether,1.000202276601433,2025-05-25
851,tether,1.0003417873168594,2025-05-26
852,tether,1.0002640914987957,2025-05-27
853,tether,1.0004200223221855,2025-05-28
854,tether,1.000181458682042,2025-05-29
855,tether,0.99994955415284,2025-05-30
856,tether,1.000247715130016,2025-05-31
857,tether,1.0003264594318246,2025-06-01
858,tether,1.0003716820883175,2025-06-02
859,tether,1.0003849075983908,2025-06-03
860,tether,1.0005530007046008,2025-06-04
861,tether,1.0004200584852525,2025-06-05
862,tether,1.000360290202957,2025-06-06
863,tether,1.0006511503587576,2025-06-07
864,tether,1.000430700769271,2025-06-08
865,tether,1.0003473899852149,2025-06-09
866,tether,1.000286795454842,2025-06-10
867,tether,1.00006453655806,2025-06-11
868,tether,1.0001404992361649,2025-06-12
869,tether,1.0002698057743862,2025-06-13
870,tether,1.00031779192818,2025-06-14
871,tether,1.0003010126168363,2025-06-15
872,tether,1.0000315872512937,2025-06-16
873,tether,1.000366762933256,2025-06-17
874,tether,1.000021312290902,2025-06-18
875,tether,1.0001544327405687,2025-06-19
876,tether,1.0000575884313008,2025-06-20
877,tether,1.000016779381578,2025-06-21
878,tether,1.000177186816965,2025-06-22
879,tether,1.0001760035164122,2025-06-23
880,tether,1.0005680858193842,2025-06-24
881,tether,1.000418086806517,2025-06-25
882,tether,1.000481519268022,2025-06-26
883,tether,1.000347010938295,2025-06-27
884,tether,1.0003368979263507,2025-06-28
885,tether,1.0002750130398774,2025-06-29
886,tether,1.000122333337896,2025-06-30
887,tether,1.000208290221961,2025-07-01
888,tether,1.0000827770589626,2025-07-02
889,tether,1.00032968385121,2025-07-03
890,tether,1.0002529231468722,2025-07-04
891,tether,1.0002100728429393,2025-07-05
892,tether,1.000160308294955,2025-07-06
893,tether,1.000049609924067,2025-07-07
894,tether,1.0000093156866026,2025-07-08
895,tether,1.0001143731514477,2025-07-09
896,tether,1.0002437201767664,2025-07-10
897,tether,1.000020355197814,2025-07-11
898,tether,1.0002379276948352,2025-07-12
899,tether,1.0002185609712215,2025-07-13
900,tether,1.0002981074921349,2025-07-14
901,tether,1.0001190394259274,2025-07-15
902,tether,1.0000324475220277,2025-07-16
903,tether,1.000413034018476,2025-07-17
904,tether,1.0005948487774845,2025-07-18
905,tether,1.0005121935682275,2025-07-19
906,tether,1.000442922095366,2025-07-20
907,tether,1.0003982951451216,2025-07-21
908,tether,1.0003253410311788,2025-07-22
909,tether,1.0003683807421098,2025-07-23
910,tether,1.0003665884315096,2025-07-24
911,tether,1.000405404581935,2025-07-25
912,tether,1.00001857339078,2025-07-26
913,tether,1.0002304819882168,2025-07-27
914,tether,1.0002490520064742,2025-07-28
915,tether,0.9999392300020176,2025-07-29
916,tether,0.9997850775942496,2025-07-30
917,tether,0.9999018266880996,2025-07-31
918,tether,0.9998539683378428,2025-08-01
919,tether,0.9995568348474042,2025-08-02
920,tether,0.9997523208388738,2025-08-03
921,tether,1.0000266512366076,2025-08-04
922,tether,0.9999181073304269,2025-08-05
923,tether,0.9999170725091328,2025-08-06
924,tether,1.0001797713784089,2025-08-07
925,tether,1.0001389419384314,2025-08-08
926,tether,1.000030992245778,2025-08-09
927,tether,1.000168794164386,2025-08-10
928,tether,1.0000602590857817,2025-08-11
929,tether,0.9999829869476258,2025-08-12
930,tether,0.9997296050669174,2025-08-13
931,tether,1.0002440820198917,2025-08-14
932,tether,1.0006696117747134,2025-08-15
933,tether,1.0006533939618043,2025-08-16
934,tether,1.0005920553104726,2025-08-17
935,tether,1.000641013224182,2025-08-18
936,tether,1.000442851117242,2025-08-19
937,tether,0.9998945359369548,2025-08-20
938,tether,1.000078844469266,2025-08-21
939,tether,0.9997761693543452,2025-08-22
940,tether,0.9996892446667665,2025-08-23
941,tether,0.9996401483071974,2025-08-24
942,tether,0.9999390681762844,2025-08-25
943,tether,1.00018714745014,2025-08-26
944,tether,1.0001891801825256,2025-08-27
945,tether,1.000105476419362,2025-08-28
946,tether,1.00011769867452,2025-08-29
947,tether,1.0002180919460786,2025-08-30
948,tether,1.0002107070247843,2025-08-31
949,tether,1.0001597516639045,2025-09-01
950,tether,1.000080636078004,2025-09-02
951,tether,1.00001687329654,2025-09-03
952,tether,1.0003823316647011,2025-09-04
953,tether,1.0001348551398812,2025-09-05
954,tether,1.0001833753079743,2025-09-06
955,tether,1.0003779524697336,2025-09-07
956,tether,1.0000219843383196,2025-09-08
957,tether,1.0000579293134817,2025-09-09
958,tether,1.000053656224186,2025-09-10
959,tether,1.0002971138909202,2025-09-11
960,tether,1.000373133913673,2025-09-12
961,tether,1.0006552383716871,2025-09-13
962,tether,1.0005703979160467,2025-09-14
963,tether,1.0006522223972127,2025-09-15
964,tether,1.000306655432184,2025-09-16
965,tether,1.00030329934126,2025-09-17
966,tether,1.0003279335572053,2025-09-18
967,tether,1.000345821394593,2025-09-19
968,tether,1.0004389455936578,2025-09-20
969,tether,1.0004519233234754,2025-09-21
970,tether,1.0003996998579925,2025-09-22
971,tether,1.0008149369072938,2025-09-23
972,tether,1.00020622908386,2025-09-24
973,tether,1.0003361332268497,2025-09-25
974,tether,1.000460775694293,2025-09-26
975,tether,1.0005543213798342,2025-09-27
976,tether,1.0004491881555393,2025-09-28
977,tether,1.0003198218515963,2025-09-29
978,tether,1.0005010520102045,2025-09-30
979,tether,1.000018673481624,2025-10-01
980,tether,1.000462448524064,2025-10-02
981,tether,1.000503503415681,2025-10-03
982,tether,1.000544000815825,2025-10-04
983,tether,1.0003463641728818,2025-10-05
984,tether,1.0002063425022278,2025-10-06
985,tether,1.0003194654260557,2025-10-07
986,tether,1.0003888166736086,2025-10-08
987,tether,1.000223743804291,2025-10-09
988,tether,1.0005326353908706,2025-10-10
989,tether,1.0016980114477425,2025-10-11
990,tether,1.0015910950619138,2025-10-12
991,tether,1.0012064340426674,2025-10-13
992,tether,1.0010448156599423,2025-10-14
993,tether,1.0006630390150075,2025-10-15
994,tether,1.000749398195703,2025-10-16
995,tether,1.0004468221463727,2025-10-17
996,tether,1.0007447500452409,2025-10-18
997,tether,1.0006155367215122,2025-10-19
998,tether,1.0005786726425696,2025-10-20
999,tether,1.0005209542728335,2025-10-21
1000,tether,1.0005377258321992,2025-10-22
1001,tether,1.0003537541872067,2025-10-23
1002,tether,1.0004373425122302,2025-10-24
1003,tether,1.0003988225109746,2025-10-25
1004,tether,1.0003768991286075,2025-10-26
1005,tether,1.000176020519839,2025-10-27
1006,tether,1.000152551518408,2025-10-28
1007,tether,1.000325663736639,2025-10-29
1008,tether,1.0002963762458494,2025-10-30
1009,tether,1.0001451170906006,2025-10-31
1010,tether,0.9997613396310828,2025-11-01
1011,tether,0.9998818639567624,2025-11-02
1012,tether,1.000051051961886,2025-11-03
1013,tether,0.999930831555092,2025-11-04
1014,tether,1.000018456164416,2025-11-05
1015,tether,1.000062262709034,2025-11-06
1016,tether,0.9996022127140984,2025-11-07
1017,tether,0.9997038898335676,2025-11-08
1018,tether,0.9998054172250922,2025-11-09
1019,tether,0.9997484395404648,2025-11-10
1020,tether,0.9996030715147916,2025-11-11
1021,tether,0.999349317395904,2025-11-12
1022,tether,0.9998130307164758,2025-11-13
1023,tether,0.9993618044307864,2025-11-14
1024,tether,0.999680959130411,2025-11-15
1025,tether,0.9996246101770074,2025-11-16
1026,tether,0.9993190329462048,2025-11-17
1027,tether,0.9989341251832764,2025-11-18
1028,tether,0.99953538731093,2025-11-19
1029,tether,0.9991356314216548,2025-11-20
1030,tether,0.99890845101542,2025-11-21
1031,tether,0.9995667612223624,2025-11-22
1032,tether,0.9996011360900308,2025-11-23
1033,tether,0.9997980455482304,2025-11-24
1034,tether,0.9998949863637528,2025-11-25
1035,tether,0.999717867932697,2025-11-26
1036,tether,0.9999518408386144,2025-11-27
1037,tether,0.9999991140026168,2025-11-28
1038,tether,1.0002318385773636,2025-11-29
1039,tether,1.000340907895428,2025-11-30
1040,tether,1.000181306641648,2025-12-01
1041,tether,1.0000558497195582,2025-12-02
1042,tether,1.000344051827248,2025-12-03
1043,tether,1.0002864445960538,2025-12-04
1044,tether,1.0001821287427557,2025-12-05
1045,tether,1.0002399211259376,2025-12-06
1046,tether,1.000291790862194,2025-12-07
1047,tether,1.0002475315778303,2025-12-08
1048,tether,1.0001107474548456,2025-12-09
1049,tether,1.0000848799868705,2025-12-10
1050,tether,1.0002070681900972,2025-12-11
1051,tether,1.0001945938187802,2025-12-12
1052,tether,1.0001854863063484,2025-12-13
1053,tether,1.0001605788660397,2025-12-14
1054,tether,1.0001851020212924,2025-12-15
1055,tether,1.0000863047726964,2025-12-16
1056,tether,0.9998948723968892,2025-12-17
1057,tether,0.9997999195444268,2025-12-18
1058,tether,0.9996105362032618,2025-12-19
1059,tether,0.999472033793072,2025-12-20
1060,tether,0.9997314653663346,2025-12-21
1061,tether,0.9997879164137358,2025-12-22
1062,tether,0.9995442858829462,2025-12-23
1063,tether,0.9994863410961572,2025-12-24
1064,tether,0.9995187050751728,2025-12-25
1065,tether,0.9995192930170844,2025-12-26
1066,tether,0.999367232296534,2025-12-27
1067,tether,0.9994697292631358,2025-12-28
1068,tether,0.999388470477294,2025-12-29
1069,tether,0.9989163153615536,2025-12-30
1070,tether,0.9990185260447324,2025-12-31
1071,tether,0.998662724694602,2026-01-01
1072,tether,0.9988679818488146,2026-01-02
1073,tether,0.9995983333094132,2026-01-03
1074,tether,0.9996521246231304,2026-01-04
1075,tether,0.9996105685061611,2026-01-05
1076,tether,0.9999633560368232,2026-01-06
1077,tether,0.9996615466659724,2026-01-07
1078,tether,0.9991211966174102,2026-01-08
1079,tether,0.9991569593828226,2026-01-09
1080,tether,0.9987276753488908,2026-01-10
1081,tether,0.9987499416269447,2026-01-11
1082,tether,0.9986722833366012,2026-01-12
1083,tether,0.9989061546969548,2026-01-13
1084,tether,0.999590698812193,2026-01-14
1085,tether,0.9999649191311664,2026-01-15
1086,tether,0.999724541665556,2026-01-16
1087,tether,0.9996022336202626,2026-01-17
1088,tether,0.999641036394522,2026-01-18
1089,tether,0.9996290977580052,2026-01-19
1090,tether,0.9993594339116764,2026-01-20
1091,tether,0.9988487030723944,2026-01-21
1092,tether,0.9991305081309328,2026-01-22
1093,tether,0.9990496724620156,2026-01-23
1094,tether,0.998778892989168,2026-01-24
1095,tether,0.9985569101355588,2026-01-25
1096,tether,0.998994854117742,2026-01-26
1098,binancecoin,664.4667087887276,2025-01-27
1099,binancecoin,679.6778451363223,2025-01-28
1100,binancecoin,661.6311598715406,2025-01-29
1101,binancecoin,667.745952530571,2025-01-30
1102,binancecoin,676.9452959901981,2025-01-31
1103,binancecoin,677.1124207686067,2025-02-01
1104,binancecoin,654.217143435919,2025-02-02
1105,binancecoin,616.6428289864358,2025-02-03
1106,binancecoin,616.4068055452193,2025-02-04
1107,binancecoin,573.6042069760077,2025-02-05
1108,binancecoin,569.5181048818762,2025-02-06
1109,binancecoin,572.2112608064776,2025-02-07
1110,binancecoin,578.4992668082035,2025-02-08
1111,binancecoin,614.7094865407944,2025-02-09
1112,binancecoin,617.2838550746773,2025-02-10
1113,binancecoin,617.6277634766806,2025-02-11
1114,binancecoin,643.374116169739,2025-02-12
1115,binancecoin,698.0715219546765,2025-02-13
1116,binancecoin,669.9136528267184,2025-02-14
1117,binancecoin,657.410706012491,2025-02-15
1118,binancecoin,661.9679162628277,2025-02-16
1119,binancecoin,674.7322746333247,2025-02-17
1120,binancecoin,667.1818129347955,2025-02-18
1121,binancecoin,647.7337603591404,2025-02-19
1122,binancecoin,651.2699602601128,2025-02-20
1123,binancecoin,657.2357183731672,2025-02-21
1124,binancecoin,646.8031724730836,2025-02-22
1125,binancecoin,668.785472644957,2025-02-23
1126,binancecoin,658.3040708334223,2025-02-24
1127,binancecoin,611.6538008061765,2025-02-25
1128,binancecoin,623.430675278815,2025-02-26
1129,binancecoin,610.3578616799338,2025-02-27
1130,binancecoin,605.3106534011248,2025-02-28
1131,binancecoin,587.5469266891337,2025-03-01
1132,binancecoin,608.2885669828928,2025-03-02
1133,binancecoin,623.6422270366194,2025-03-03
1134,binancecoin,574.3332822956445,2025-03-04
1135,binancecoin,583.1532087181396,2025-03-05
1136,binancecoin,597.848549405523,2025-03-06
1137,binancecoin,595.9383138170398,2025-03-07
1138,binancecoin,594.5528006856207,2025-03-08
1139,binancecoin,593.0806975943264,2025-03-09
1140,binancecoin,554.7300039388367,2025-03-10
1141,binancecoin,532.5658810549988,2025-03-11
1142,binancecoin,552.6254279577566,2025-03-12
1143,binancecoin,570.7207702766447,2025-03-13
1144,binancecoin,578.7156213732173,2025-03-14
1145,binancecoin,586.9702499764328,2025-03-15
1146,binancecoin,618.7666348359702,2025-03-16
1147,binancecoin,602.0153495286127,2025-03-17
1148,binancecoin,630.4469540119447,2025-03-18
1149,binancecoin,628.6214098323479,2025-03-19
1150,binancecoin,619.5659214134856,2025-03-20
1151,binancecoin,630.2183910262637,2025-03-21
1152,binancecoin,634.6156759206938,2025-03-22
1153,binancecoin,626.1359464582463,2025-03-23
1154,binancecoin,622.808568853935,2025-03-24
1155,binancecoin,635.8154787603806,2025-03-25
1156,binancecoin,630.3112214019164,2025-03-26
1157,binancecoin,617.8855000907927,2025-03-27
1158,binancecoin,637.6132125269871,2025-03-28
1159,binancecoin,619.5224559274657,2025-03-29
1160,binancecoin,604.0434442333641,2025-03-30
1161,binancecoin,601.4706478405623,2025-03-31
1162,binancecoin,605.503011770793,2025-04-01
1163,binancecoin,611.0283776490112,2025-04-02
1164,binancecoin,589.8692678191657,2025-04-03
1165,binancecoin,592.4642522121785,2025-04-04
1166,binancecoin,597.7592047746326,2025-04-05
1167,binancecoin,594.0888077893536,2025-04-06
1168,binancecoin,554.4379559214581,2025-04-07
1169,binancecoin,554.1601019762941,2025-04-08
1170,binancecoin,553.3962669418149,2025-04-09
1171,binancecoin,582.2597810033054,2025-04-10
1172,binancecoin,577.2921769307156,2025-04-11
1173,binancecoin,586.1297244063287,2025-04-12
1174,binancecoin,596.9496743252538,2025-04-13
1175,binancecoin,583.6441112439634,2025-04-14
1176,binancecoin,584.5130373558429,2025-04-15
1177,binancecoin,579.7117342988385,2025-04-16
1178,binancecoin,582.9884895445316,2025-04-17
1179,binancecoin,590.1449424870344,2025-04-18
1180,binancecoin,591.7558249048697,2025-04-19
1181,binancecoin,592.1191922418601,2025-04-20
1182,binancecoin,592.9015532596577,2025-04-21
1183,binancecoin,596.742721454172,2025-04-22
1184,binancecoin,617.6497009116878,2025-04-23
1185,binancecoin,606.1742820090113,2025-04-24
1186,binancecoin,602.1970676660677,2025-04-25
1187,binancecoin,600.1913883958081,2025-04-26
1188,binancecoin,607.8085377229048,2025-04-27
1189,binancecoin,603.5371460135477,2025-04-28
1190,binancecoin,606.1285517158251,2025-04-29
1191,binancecoin,600.5889575399475,2025-04-30
1192,binancecoin,599.6302002732988,2025-05-01
1193,binancecoin,599.5796914410877,2025-05-02
1194,binancecoin,601.3244678537958,2025-05-03
1195,binancecoin,599.2468842902798,2025-05-04
1196,binancecoin,585.8899216562841,2025-05-05
1197,binancecoin,597.9661578698278,2025-05-06
1198,binancecoin,603.0175211984405,2025-05-07
1199,binancecoin,603.144369158166,2025-05-08
1200,binancecoin,628.2798237375861,2025-05-09
1201,binancecoin,666.6606824091106,2025-05-10
1202,binancecoin,662.3379085253329,2025-05-11
1203,binancecoin,650.8664613901699,2025-05-12
1204,binancecoin,660.9533536861077,2025-05-13
1205,binancecoin,666.2402578411695,2025-05-14
1206,binancecoin,651.6490150180347,2025-05-15
1207,binancecoin,651.1362648113163,2025-05-16
1208,binancecoin,647.3412018782846,2025-05-17
1209,binancecoin,639.5979769763185,2025-05-18
1210,binancecoin,649.3806686821907,2025-05-19
1211,binancecoin,651.0389804540937,2025-05-20
1212,binancecoin,650.951301036078,2025-05-21
1213,binancecoin,674.7138326551593,2025-05-22
1214,binancecoin,686.0302393255067,2025-05-23
1215,binancecoin,655.3681110510369,2025-05-24
1216,binancecoin,667.9647953294073,2025-05-25
1217,binancecoin,670.0121393931087,2025-05-26
1218,binancecoin,673.7837605333261,2025-05-27
1219,binancecoin,687.4363026293119,2025-05-28
1220,binancecoin,687.631059296252,2025-05-29
1221,binancecoin,675.4110812815895,2025-05-30
1222,binancecoin,656.2031380761879,2025-05-31
1223,binancecoin,658.5726942750157,2025-06-01
1224,binancecoin,661.3452261434389,2025-06-02
1225,binancecoin,666.0561104906627,2025-06-03
1226,binancecoin,661.17332497159,2025-06-04
1227,binancecoin,663.70338541173,2025-06-05
1228,binancecoin,634.1479715861758,2025-06-06
1229,binancecoin,643.7566841456504,2025-06-07
1230,binancecoin,650.7937997932994,2025-06-08
1231,binancecoin,652.274428548494,2025-06-09
1232,binancecoin,666.3374143222443,2025-06-10
1233,binancecoin,673.4760595844963,2025-06-11
1234,binancecoin,667.7388930109494,2025-06-12
1235,binancecoin,656.4804964003403,2025-06-13
1236,binancecoin,654.9095462616511,2025-06-14
1237,binancecoin,645.8086677048335,2025-06-15
1238,binancecoin,648.2042600997396,2025-06-16
1239,binancecoin,651.4813571171453,2025-06-17
1240,binancecoin,648.799470473488,2025-06-18
1241,binancecoin,643.7728727892951,2025-06-19
1242,binancecoin,644.3626647131019,2025-06-20
1243,binancecoin,641.4660754156638,2025-06-21
1244,binancecoin,626.5687672231079,2025-06-22
1245,binancecoin,615.9200839908369,2025-06-23
1246,binancecoin,640.2543180324582,2025-06-24
1247,binancecoin,643.4133640920619,2025-06-25
1248,binancecoin,645.8665732235779,2025-06-26
1249,binancecoin,642.4572030728536,2025-06-27
1250,binancecoin,645.9995550778237,2025-06-28
1251,binancecoin,648.766805209224,2025-06-29
1252,binancecoin,655.0764136195659,2025-06-30
1253,binancecoin,657.0109566115938,2025-07-01
1254,binancecoin,646.1777891600059,2025-07-02
1255,binancecoin,660.0254823640146,2025-07-03
1256,binancecoin,663.0154690088326,2025-07-04
1257,binancecoin,653.1616270479346,2025-07-05
1258,binancecoin,655.9253698398683,2025-07-06
1259,binancecoin,663.0185149322261,2025-07-07
1260,binancecoin,661.2876967099644,2025-07-08
1261,binancecoin,660.7042150664093,2025-07-09
1262,binancecoin,669.2613994307441,2025-07-10
1263,binancecoin,685.1054482111715,2025-07-11
1264,binancecoin,689.8418420972016,2025-07-12
1265,binancecoin,685.4703165458919,2025-07-13
1266,binancecoin,692.0429275667424,2025-07-14
1267,binancecoin,689.3152771073793,2025-07-15
1268,binancecoin,689.863427315096,2025-07-16
1269,binancecoin,708.5580809732663,2025-07-17
1270,binancecoin,722.3981283678474,2025-07-18
1271,binancecoin,729.5149107763856,2025-07-19
1272,binancecoin,732.9272514055848,2025-07-20
1273,binancecoin,758.1392224608369,2025-07-21
1274,binancecoin,766.3958790528078,2025-07-22
1275,binancecoin,786.4807204757146,2025-07-23
1276,binancecoin,776.2226902262614,2025-07-24
1277,binancecoin,771.2312622168195,2025-07-25
1278,binancecoin,784.7856013546323,2025-07-26
1279,binancecoin,794.2867236239222,2025-07-27
1280,binancecoin,843.449638843771,2025-07-28
1281,binancecoin,822.2765976915088,2025-07-29
1282,binancecoin,805.1438193193468,2025-07-30
1283,binancecoin,793.8734614175534,2025-07-31
1284,binancecoin,783.0023910772859,2025-08-01
1285,binancecoin,756.4574114847068,2025-08-02
1286,binancecoin,736.6587769385911,2025-08-03
1287,binancecoin,751.4001548118117,2025-08-04
1288,binancecoin,768.5544340737234,2025-08-05
1289,binancecoin,754.7878000846929,2025-08-06
1290,binancecoin,769.8555506826906,2025-08-07
1291,binancecoin,787.1948285374559,2025-08-08
1292,binancecoin,793.1777287850201,2025-08-09
1293,binancecoin,799.1991047067497,2025-08-10
1294,binancecoin,804.8956334719561,2025-08-11
1295,binancecoin,806.8312185132748,2025-08-12
1296,binancecoin,834.446637547768,2025-08-13
1297,binancecoin,849.5528663342336,2025-08-14
1298,binancecoin,842.2643191559952,2025-08-15
1299,binancecoin,827.2916811192079,2025-08-16
1300,binancecoin,839.0566611983465,2025-08-17
1301,binancecoin,856.9424560582937,2025-08-18
1302,binancecoin,848.2298792758197,2025-08-19
1303,binancecoin,823.4566682430556,2025-08-20
1304,binancecoin,870.0388548973078,2025-08-21
1305,binancecoin,838.3671602294102,2025-08-22
1306,binancecoin,899.0447590707095,2025-08-23
1307,binancecoin,880.2145462822662,2025-08-24
1308,binancecoin,876.0729413672346,2025-08-25
1309,binancecoin,840.2868104582814,2025-08-26
1310,binancecoin,864.1213024474413,2025-08-27
1311,binancecoin,856.0552312979237,2025-08-28
1312,binancecoin,874.7487534677291,2025-08-29
1313,binancecoin,863.6575485254209,2025-08-30
1314,binancecoin,861.923469050824,2025-08-31
1315,binancecoin,857.819601972643,2025-09-01
1316,binancecoin,845.916487927506,2025-09-02
1317,binancecoin,851.6937445280856,2025-09-03
1318,binancecoin,855.1110256828161,2025-09-04
1319,binancecoin,843.6735934362805,2025-09-05
1320,binancecoin,849.7184902459278,2025-09-06
1321,binancecoin,861.6639369838142,2025-09-07
1322,binancecoin,881.3845363246559,2025-09-08
1323,binancecoin,878.2339242329539,2025-09-09
1324,binancecoin,879.833817211316,2025-09-10
1325,binancecoin,893.578793274879,2025-09-11
1326,binancecoin,902.876846974473,2025-09-12
1327,binancecoin,925.1660418381476,2025-09-13
1328,binancecoin,933.8971704994946,2025-09-14
1329,binancecoin,926.8412817390542,2025-09-15
1330,binancecoin,919.2250351484704,2025-09-16
1331,binancecoin,955.3487499241552,2025-09-17
1332,binancecoin,991.3973181432297,2025-09-18
1333,binancecoin,982.076570691383,2025-09-19
1334,binancecoin,982.6879738189484,2025-09-20
1335,binancecoin,1042.406078066426,2025-09-21
1336,binancecoin,1048.564985104853,2025-09-22
1337,binancecoin,992.3881905006706,2025-09-23
1338,binancecoin,1017.4645009307636,2025-09-24
1339,binancecoin,1018.067792712729,2025-09-25
1340,binancecoin,944.4003758447784,2025-09-26
1341,binancecoin,960.6805874196078,2025-09-27
1342,binancecoin,968.6806715896132,2025-09-28
1343,binancecoin,993.2079048442276,2025-09-29
1344,binancecoin,1030.030963111487,2025-09-30
1345,binancecoin,1008.9225311714104,2025-10-01
1346,binancecoin,1025.8187850123247,2025-10-02
1347,binancecoin,1090.3115640663682,2025-10-03
1348,binancecoin,1190.0540938314143,2025-10-04
1349,binancecoin,1149.536376093483,2025-10-05
1350,binancecoin,1165.4778023162069,2025-10-06
1351,binancecoin,1224.574210222444,2025-10-07
1352,binancecoin,1311.712914691701,2025-10-08
1353,binancecoin,1306.4812320510532,2025-10-09
1354,binancecoin,1255.8786646242372,2025-10-10
1355,binancecoin,1110.8141755974673,2025-10-11
1356,binancecoin,1138.124682344206,2025-10-12
1357,binancecoin,1298.790800597507,2025-10-13
1358,binancecoin,1293.0722313476615,2025-10-14
1359,binancecoin,1212.283351974494,2025-10-15
1360,binancecoin,1161.734804798178,2025-10-16
1361,binancecoin,1143.731369922843,2025-10-17
1362,binancecoin,1071.5486432574182,2025-10-18
1363,binancecoin,1092.456873698318,2025-10-19
1364,binancecoin,1109.7463758132928,2025-10-20
1365,binancecoin,1100.594219041398,2025-10-21
1366,binancecoin,1057.8502060144851,2025-10-22
1367,binancecoin,1071.3354220022431,2025-10-23
1368,binancecoin,1127.358071433892,2025-10-24
1369,binancecoin,1109.178393744721,2025-10-25
1370,binancecoin,1116.6415202338756,2025-10-26
1371,binancecoin,1136.879092448019,2025-10-27
1372,binancecoin,1140.4846092726004,2025-10-28
1373,binancecoin,1103.595300080196,2025-10-29
1374,binancecoin,1106.7871126244677,2025-10-30
1375,binancecoin,1078.7188521029816,2025-10-31
1376,binancecoin,1088.7331766998475,2025-11-01
1377,binancecoin,1094.4541628666802,2025-11-02
1378,binancecoin,1083.698416513334,2025-11-03
1379,binancecoin,992.195531851008,2025-11-04
1380,binancecoin,938.891751599157,2025-11-05
1381,binancecoin,959.970145877664,2025-11-06
1382,binancecoin,948.6793778409456,2025-11-07
1383,binancecoin,990.5899790534176,2025-11-08
1384,binancecoin,989.886240398806,2025-11-09
1385,binancecoin,996.308790029525,2025-11-10
1386,binancecoin,991.3653787289568,2025-11-11
1387,binancecoin,957.149279725558,2025-11-12
1388,binancecoin,952.917011591862,2025-11-13
1389,binancecoin,927.1219876913324,2025-11-14
1390,binancecoin,917.7022398201406,2025-11-15
1391,binancecoin,931.9743286141038,2025-11-16
1392,binancecoin,928.5079796470696,2025-11-17
1393,binancecoin,906.71978118311,2025-11-18
1394,binancecoin,932.0597430569884,2025-11-19
1395,binancecoin,894.7896141305321,2025-11-20
1396,binancecoin,866.7212975475668,2025-11-21
1397,binancecoin,831.1648478578168,2025-11-22
1398,binancecoin,833.4782529297297,2025-11-23
1399,binancecoin,843.0327408998495,2025-11-24
1400,binancecoin,864.3540154398011,2025-11-25
1401,binancecoin,861.9171451304046,2025-11-26
1402,binancecoin,891.7232823713881,2025-11-27
1403,binancecoin,895.3979231885241,2025-11-28
1404,binancecoin,887.5558493593282,2025-11-29
1405,binancecoin,873.7626867754427,2025-11-30
1406,binancecoin,877.7990241108373,2025-12-01
1407,binancecoin,827.4880333310571,2025-12-02
1408,binancecoin,876.7469880502844,2025-12-03
1409,binancecoin,922.3452824680272,2025-12-04
1410,binancecoin,900.2311130891073,2025-12-05
1411,binancecoin,883.6707054897142,2025-12-06
1412,binancecoin,890.2442866831284,2025-12-07
1413,binancecoin,892.8659344513236,2025-12-08
1414,binancecoin,897.4003709684328,2025-12-09
1415,binancecoin,899.4035882994448,2025-12-10
1416,binancecoin,894.4021116794611,2025-12-11
1417,binancecoin,885.6320356392306,2025-12-12
1418,binancecoin,882.1612967807799,2025-12-13
1419,binancecoin,897.3110444563038,2025-12-14
1420,binancecoin,878.3885175348196,2025-12-15
1421,binancecoin,858.4116623377057,2025-12-16
1422,binancecoin,874.6720838564994,2025-12-17
1423,binancecoin,842.7888780335543,2025-12-18
1424,binancecoin,829.1719378700606,2025-12-19
1425,binancecoin,855.957117266356,2025-12-20
1426,binancecoin,853.5635263159346,2025-12-21
1427,binancecoin,857.8618459584029,2025-12-22
1428,binancecoin,858.018474136862,2025-12-23
1429,binancecoin,843.9156558740143,2025-12-24
1430,binancecoin,846.6127954902438,2025-12-25
1431,binancecoin,828.8695540284072,2025-12-26
1432,binancecoin,834.3408283262127,2025-12-27
1433,binancecoin,844.6780493960856,2025-12-28
1434,binancecoin,858.791572988669,2025-12-29
1435,binancecoin,851.1900442578194,2025-12-30
1436,binancecoin,860.3384247437768,2025-12-31
1437,binancecoin,863.1574666286001,2026-01-01
1438,binancecoin,862.9202786806326,2026-01-02
1439,binancecoin,880.5981987516783,2026-01-03
1440,binancecoin,878.7329288702774,2026-01-04
1441,binancecoin,894.4508344273104,2026-01-05
1442,binancecoin,910.9079403595276,2026-01-06
1443,binancecoin,917.6345878314794,2026-01-07
1444,binancecoin,899.3115791273906,2026-01-08
1445,binancecoin,891.5992569838319,2026-01-09
1446,binancecoin,895.5121731855866,2026-01-10
1447,binancecoin,906.6887224157772,2026-01-11
1448,binancecoin,902.766496415222,2026-01-12
1449,binancecoin,905.5295124491012,2026-01-13
1450,binancecoin,942.4122356291538,2026-01-14
1451,binancecoin,949.0987145957888,2026-01-15
1452,binancecoin,930.8892064404016,2026-01-16
1453,binancecoin,937.687896295784,2026-01-17
1454,binancecoin,946.9959081738136,2026-01-18
1455,binancecoin,933.8079144307844,2026-01-19
1456,binancecoin,922.3076030339912,2026-01-20
1457,binancecoin,884.4648847958442,2026-01-21
1458,binancecoin,882.3554922284878,2026-01-22
1459,binancecoin,886.8801866366052,2026-01-23
1460,binancecoin,890.5047011445338,2026-01-24
1461,binancecoin,886.0721909071814,2026-01-25
1462,binancecoin,864.4439519225823,2026-01-26
1464,ripple,3.0173114670832017,2025-01-27
1465,ripple,3.050802421938607,2025-01-28
1466,ripple,3.0611147556516607,2025-01-29
1467,ripple,3.0691756838533526,2025-01-30
1468,ripple,3.1319365812312867,2025-01-31
1469,ripple,3.0378089439522897,2025-02-01
1470,ripple,2.8808649918084224,2025-02-02
1471,ripple,2.5701343337873217,2025-02-03
1472,ripple,2.692671869551836,2025-02-04
1473,ripple,2.5396358959727894,2025-02-05
1474,ripple,2.382739358632423,2025-02-06
1475,ripple,2.322091886943189,2025-02-07
1476,ripple,2.392435922501591,2025-02-08
1477,ripple,2.4256391631678023,2025-02-09
1478,ripple,2.398421850062732,2025-02-10
1479,ripple,2.4205102148292257,2025-02-11
1480,ripple,2.415999707081464,2025-02-12
1481,ripple,2.471858085297504,2025-02-13
1482,ripple,2.5469915483007077,2025-02-14
1483,ripple,2.7396888464817004,2025-02-15
1484,ripple,2.761982091436805,2025-02-16
1485,ripple,2.725189428942385,2025-02-17
1486,ripple,2.657177556541445,2025-02-18
1487,ripple,2.5598643991689105,2025-02-19
1488,ripple,2.735199200390807,2025-02-20
1489,ripple,2.692229831317779,2025-02-21
1490,ripple,2.5717797656907977,2025-02-22
1491,ripple,2.575864230459674,2025-02-23
1492,ripple,2.5798851271909053,2025-02-24
1493,ripple,2.276184020826259,2025-02-25
1494,ripple,2.3223450440589835,2025-02-26
1495,ripple,2.189561722001525,2025-02-27
1496,ripple,2.198289525306682,2025-02-28
1497,ripple,2.1465990447641925,2025-03-01
1498,ripple,2.1894731626978965,2025-03-02
1499,ripple,2.9400745785854188,2025-03-03
1500,ripple,2.388920229250619,2025-03-04
1501,ripple,2.457837324155463,2025-03-05
1502,ripple,2.499863067769013,2025-03-06
1503,ripple,2.5997307467157778,2025-03-07
1504,ripple,2.380727791456965,2025-03-08
1505,ripple,2.3242332249590425,2025-03-09
1506,ripple,2.1362635270101267,2025-03-10
1507,ripple,2.029057833175655,2025-03-11
1508,ripple,2.169350707525431,2025-03-12
1509,ripple,2.2417249293681443,2025-03-13
1510,ripple,2.2504187411894,2025-03-14
1511,ripple,2.3564128660327603,2025-03-15
1512,ripple,2.392285579817487,2025-03-16
1513,ripple,2.300909638865169,2025-03-17
1514,ripple,2.3408005213311123,2025-03-18
1515,ripple,2.2893484606821164,2025-03-19
1516,ripple,2.552057249371664,2025-03-20
1517,ripple,2.4346891248225995,2025-03-21
1518,ripple,2.381259233831182,2025-03-22
1519,ripple,2.3671814913704625,2025-03-23
1520,ripple,2.4358937819105337,2025-03-24
1521,ripple,2.4467862393977198,2025-03-25
1522,ripple,2.4520786954901945,2025-03-26
1523,ripple,2.349686594688749,2025-03-27
1524,ripple,2.339530083958925,2025-03-28
1525,ripple,2.2038347130132383,2025-03-29
1526,ripple,2.1388622985209467,2025-03-30
1527,ripple,2.135945706762188,2025-03-31
1528,ripple,2.090515957154788,2025-04-01
1529,ripple,2.140991043686336,2025-04-02
1530,ripple,2.030360837075233,2025-04-03
1531,ripple,2.0641704630367608,2025-04-04
1532,ripple,2.1277037304012105,2025-04-05
1533,ripple,2.148561695180789,2025-04-06
1534,ripple,1.9232068608073247,2025-04-07
1535,ripple,1.8972731944488423,2025-04-08
1536,ripple,1.791941720267648,2025-04-09
1537,ripple,2.050442640035333,2025-04-10
1538,ripple,1.96981883924698,2025-04-11
1539,ripple,2.0237864771088336,2025-04-12
1540,ripple,2.156688589695265,2025-04-13
1541,ripple,2.118179146058531,2025-04-14
1542,ripple,2.127444298086899,2025-04-15
1543,ripple,2.087166740701441,2025-04-16
1544,ripple,2.08351984341555,2025-04-17
1545,ripple,2.0677436115822867,2025-04-18
1546,ripple,2.062691684044618,2025-04-19
1547,ripple,2.0855273823856817,2025-04-20
1548,ripple,2.0747196454629124,2025-04-21
1549,ripple,2.0806696781556395,2025-04-22
1550,ripple,2.221159426695198,2025-04-23
1551,ripple,2.217823599038466,2025-04-24
1552,ripple,2.206600349886956,2025-04-25
1553,ripple,2.1852873809524738,2025-04-26
1554,ripple,2.1932493737799863,2025-04-27
1555,ripple,2.2566771719971905,2025-04-28
1556,ripple,2.295967962237841,2025-04-29
1557,ripple,2.2399407863578777,2025-04-30
1558,ripple,2.1934727928877984,2025-05-01
1559,ripple,2.214308522234661,2025-05-02
1560,ripple,2.2089170454344824,2025-05-03
1561,ripple,2.188707355411367,2025-05-04
1562,ripple,2.1580623583353407,2025-05-05
1563,ripple,2.1371617409153263,2025-05-06
1564,ripple,2.1553467775958843,2025-05-07
1565,ripple,2.1289110212370352,2025-05-08
1566,ripple,2.318857034757937,2025-05-09
1567,ripple,2.34260418658349,2025-05-10
1568,ripple,2.465515991652043,2025-05-11
1569,ripple,2.3665185406774456,2025-05-12
1570,ripple,2.5407166812994824,2025-05-13
1571,ripple,2.5882656119238727,2025-05-14
1572,ripple,2.552660064054796,2025-05-15
1573,ripple,2.3780203600308965,2025-05-16
1574,ripple,2.387491166631724,2025-05-17
1575,ripple,2.352615765613394,2025-05-18
1576,ripple,2.4178990437197814,2025-05-19
1577,ripple,2.380872760920828,2025-05-20
1578,ripple,2.356578233921423,2025-05-21
1579,ripple,2.40289962663494,2025-05-22
1580,ripple,2.4284164339274192,2025-05-23
1581,ripple,2.2991928362328755,2025-05-24
1582,ripple,2.3319094660057416,2025-05-25
1583,ripple,2.3405861862412927,2025-05-26
1584,ripple,2.3082922649115565,2025-05-27
1585,ripple,2.318667768777442,2025-05-28
1586,ripple,2.2746048552552507,2025-05-29
1587,ripple,2.250553816367613,2025-05-30
1588,ripple,2.1423194738068942,2025-05-31
1589,ripple,2.177000081626197,2025-06-01
1590,ripple,2.1802830722675224,2025-06-02
1591,ripple,2.2004265864927537,2025-06-03
1592,ripple,2.2486280245071963,2025-06-04
1593,ripple,2.202322198067478,2025-06-05
1594,ripple,2.0970164299223453,2025-06-06
1595,ripple,2.163852346114403,2025-06-07
1596,ripple,2.1779065492597427,2025-06-08
1597,ripple,2.2629632981656744,2025-06-09
1598,ripple,2.321075765224377,2025-06-10
1599,ripple,2.305016386019404,2025-06-11
1600,ripple,2.2701428874939213,2025-06-12
1601,ripple,2.1954298391805,2025-06-13
1602,ripple,2.148866270593598,2025-06-14
1603,ripple,2.141891800480294,2025-06-15
1604,ripple,2.166318490313782,2025-06-16
1605,ripple,2.255537416572947,2025-06-17
1606,ripple,2.1632317759396997,2025-06-18
1607,ripple,2.1686830671349613,2025-06-19
1608,ripple,2.166239439916603,2025-06-20
1609,ripple,2.1201128146436803,2025-06-21
1610,ripple,2.044379922195215,2025-06-22
1611,ripple,2.013512764553698,2025-06-23
1612,ripple,2.1640075102022664,2025-06-24
1613,ripple,2.189036861724857,2025-06-25
1614,ripple,2.1839169388853152,2025-06-26
1615,ripple,2.105597069865388,2025-06-27
1616,ripple,2.140945561649059,2025-06-28
1617,ripple,2.185743305637095,2025-06-29
1618,ripple,2.208077943964024,2025-06-30
1619,ripple,2.2397868943055363,2025-07-01
1620,ripple,2.171453605552325,2025-07-02
1621,ripple,2.234339504341481,2025-07-03
1622,ripple,2.2565985381225446,2025-07-04
1623,ripple,2.220660517934634,2025-07-05
1624,ripple,2.2177115630108464,2025-07-06
1625,ripple,2.2711234551626798,2025-07-07
1626,ripple,2.275084085302051,2025-07-08
1627,ripple,2.3106154308712163,2025-07-09
1628,ripple,2.405267395272407,2025-07-10
1629,ripple,2.5456780481070838,2025-07-11
1630,ripple,2.735777793849028,2025-07-12
1631,ripple,2.7403085663356155,2025-07-13
1632,ripple,2.836943449825265,2025-07-14
1633,ripple,2.954285567242737,2025-07-15
1634,ripple,2.917723690315136,2025-07-16
1635,ripple,3.0408154279719146,2025-07-17
1636,ripple,3.494535310837583,2025-07-18
1637,ripple,3.417044710420229,2025-07-19
1638,ripple,3.43091157808989,2025-07-20
1639,ripple,3.455651421168503,2025-07-21
1640,ripple,3.55629271011838,2025-07-22
1641,ripple,3.5512409390828505,2025-07-23
1642,ripple,3.1784172529582477,2025-07-24
1643,ripple,3.1443151661109243,2025-07-25
1644,ripple,3.1383147630505817,2025-07-26
1645,ripple,3.167241692335099,2025-07-27
1646,ripple,3.232752992185551,2025-07-28
1647,ripple,3.1234939366799126,2025-07-29
1648,ripple,3.1280707477497427,2025-07-30
1649,ripple,3.0996192442543777,2025-07-31
1650,ripple,3.0232512791444304,2025-08-01
1651,ripple,2.961903198265873,2025-08-02
1652,ripple,2.769267387192411,2025-08-03
1653,ripple,2.9486352217251337,2025-08-04
1654,ripple,3.072790598228309,2025-08-05
1655,ripple,2.964998128724256,2025-08-06
1656,ripple,2.992045726720115,2025-08-07
1657,ripple,3.3154332521736825,2025-08-08
1658,ripple,3.288160253111489,2025-08-09
1659,ripple,3.229511537620619,2025-08-10
1660,ripple,3.1838901988281205,2025-08-11
1661,ripple,3.1394273590070134,2025-08-12
1662,ripple,3.26747236546907,2025-08-13
1663,ripple,3.2866811377117644,2025-08-14
1664,ripple,3.0872106726905346,2025-08-15
1665,ripple,3.077372948183996,2025-08-16
1666,ripple,3.106969288649059,2025-08-17
1667,ripple,3.0953855433967075,2025-08-18
1668,ripple,3.060621197547626,2025-08-19
1669,ripple,2.8587366392387112,2025-08-20
1670,ripple,2.952309340790555,2025-08-21
1671,ripple,2.8498230079250755,2025-08-22
1672,ripple,3.0732747821154365,2025-08-23
1673,ripple,3.0458254666203546,2025-08-24
1674,ripple,3.02786808477519,2025-08-25
1675,ripple,2.862667277824852,2025-08-26
1676,ripple,3.011834539503525,2025-08-27
1677,ripple,2.967121719439904,2025-08-28
1678,ripple,2.9671844322262277,2025-08-29
1679,ripple,2.823231531748928,2025-08-30
1680,ripple,2.8166293700860887,2025-08-31
1681,ripple,2.776712609891609,2025-09-01
1682,ripple,2.752094842681695,2025-09-02
1683,ripple,2.861352340590463,2025-09-03
1684,ripple,2.8440111306765328,2025-09-04
1685,ripple,2.797620314598713,2025-09-05
1686,ripple,2.8160947139230124,2025-09-06
1687,ripple,2.810651604452461,2025-09-07
1688,ripple,2.881098102223723,2025-09-08
1689,ripple,2.9693752178894965,2025-09-09
1690,ripple,2.94711316566773,2025-09-10
1691,ripple,2.9831115371091697,2025-09-11
1692,ripple,3.042189592870322,2025-09-12
1693,ripple,3.1075619727179338,2025-09-13
1694,ripple,3.1226735093963653,2025-09-14
1695,ripple,3.031263732351221,2025-09-15
1696,ripple,2.994086127054337,2025-09-16
1697,ripple,3.0381334165695297,2025-09-17
1698,ripple,3.083983468328553,2025-09-18
1699,ripple,3.0778034182571985,2025-09-19
1700,ripple,2.9911678094786853,2025-09-20
1701,ripple,2.976731672584084,2025-09-21
1702,ripple,2.9733496913212485,2025-09-22
1703,ripple,2.851139194678168,2025-09-23
1704,ripple,2.8290556379505225,2025-09-24
1705,ripple,2.928588968123988,2025-09-25
1706,ripple,2.7391226387021668,2025-09-26
1707,ripple,2.78626651562758,2025-09-27
1708,ripple,2.807776119760716,2025-09-28
1709,ripple,2.864956739306865,2025-09-29
1710,ripple,2.8820677870561946,2025-09-30
1711,ripple,2.844933401817261,2025-10-01
1712,ripple,2.94479751207665,2025-10-02
1713,ripple,3.0371524340279654,2025-10-03
1714,ripple,3.0413663901904453,2025-10-04
1715,ripple,2.9697246277119143,2025-10-05
1716,ripple,2.970720012302302,2025-10-06
1717,ripple,2.991602626695257,2025-10-07
1718,ripple,2.857057632365177,2025-10-08
1719,ripple,2.8805684212621,2025-10-09
1720,ripple,2.8050759101908103,2025-10-10
1721,ripple,2.3838350726730484,2025-10-11
1722,ripple,2.385904536258076,2025-10-12
1723,ripple,2.5312630934147733,2025-10-13
1724,ripple,2.60498951616126,2025-10-14
1725,ripple,2.5061812994119887,2025-10-15
1726,ripple,2.4107851679488945,2025-10-16
1727,ripple,2.3252186675017006,2025-10-17
1728,ripple,2.2957327819062083,2025-10-18
1729,ripple,2.3596315316088416,2025-10-19
1730,ripple,2.389625527633369,2025-10-20
1731,ripple,2.490117031449711,2025-10-21
1732,ripple,2.4235930180546776,2025-10-22
1733,ripple,2.3631248548137456,2025-10-23
1734,ripple,2.3942046738111324,2025-10-24
1735,ripple,2.504825180033832,2025-10-25
1736,ripple,2.593725390920985,2025-10-26
1737,ripple,2.645881508384711,2025-10-27
1738,ripple,2.6352743169545323,2025-10-28
1739,ripple,2.607884184498703,2025-10-29
1740,ripple,2.552145580993161,2025-10-30
1741,ripple,2.4373365011802237,2025-10-31
1742,ripple,2.5081131316915477,2025-11-01
1743,ripple,2.504613534721328,2025-11-02
1744,ripple,2.527623366103904,2025-11-03
1745,ripple,2.3075208080429306,2025-11-04
1746,ripple,2.2139228610122434,2025-11-05
1747,ripple,2.34683004244604,2025-11-06
1748,ripple,2.2091841302505792,2025-11-07
1749,ripple,2.315839328722371,2025-11-08
1750,ripple,2.28488170638292,2025-11-09
1751,ripple,2.366057070769261,2025-11-10
1752,ripple,2.5281078242198647,2025-11-11
1753,ripple,2.390172266260892,2025-11-12
1754,ripple,2.3832389457846697,2025-11-13
1755,ripple,2.331388577331738,2025-11-14
1756,ripple,2.2488473348561304,2025-11-15
1757,ripple,2.235455773730874,2025-11-16
1758,ripple,2.218219988506596,2025-11-17
1759,ripple,2.160590388035999,2025-11-18
1760,ripple,2.2139034771189343,2025-11-19
1761,ripple,2.1066834909527383,2025-11-20
1762,ripple,2.0000407183731164,2025-11-21
1763,ripple,1.950091461265794,2025-11-22
1764,ripple,1.9508235490170465,2025-11-23
1765,ripple,2.0449210167731326,2025-11-24
1766,ripple,2.2241484224164743,2025-11-25
1767,ripple,2.1989437346568157,2025-11-26
1768,ripple,2.224254821804325,2025-11-27
1769,ripple,2.201122232723185,2025-11-28
1770,ripple,2.180631384763347,2025-11-29
1771,ripple,2.2028096835323647,2025-11-30
1772,ripple,2.1652461437750383,2025-12-01
1773,ripple,2.0310598795228767,2025-12-02
1774,ripple,2.1570887957334866,2025-12-03
1775,ripple,2.203321627854195,2025-12-04
1776,ripple,2.0971829811461946,2025-12-05
1777,ripple,2.0358303092663843,2025-12-06
1778,ripple,2.032677777533064,2025-12-07
1779,ripple,2.039660348972326,2025-12-08
1780,ripple,2.073039044939783,2025-12-09
1781,ripple,2.1094322825594976,2025-12-10
1782,ripple,2.0443398468981213,2025-12-11
1783,ripple,2.036028301991718,2025-12-12
1784,ripple,2.009806618706698,2025-12-13
1785,ripple,2.0236207828673027,2025-12-14
1786,ripple,1.9808608019799367,2025-12-15
1787,ripple,1.8967832092786063,2025-12-16
1788,ripple,1.92957963013441,2025-12-17
1789,ripple,1.8617053529191656,2025-12-18
1790,ripple,1.807615427417868,2025-12-19
1791,ripple,1.9061295130778344,2025-12-20
1792,ripple,1.9319648860420449,2025-12-21
1793,ripple,1.9229550458561635,2025-12-22
1794,ripple,1.9022227646374048,2025-12-23
1795,ripple,1.8732711631167216,2025-12-24
1796,ripple,1.8619926573243448,2025-12-25
1797,ripple,1.8316249623782512,2025-12-26
1798,ripple,1.8429652913700636,2025-12-27
1799,ripple,1.8733931841347928,2025-12-28
1800,ripple,1.8645585666057287,2025-12-29
1801,ripple,1.847539798736532,2025-12-30
1802,ripple,1.875100431832473,2025-12-31
1803,ripple,1.839340516228945,2026-01-01
1804,ripple,1.876580133618003,2026-01-02
1805,ripple,2.006743067068081,2026-01-03
1806,ripple,2.0175062731579767,2026-01-04
1807,ripple,2.090232038436175,2026-01-05
1808,ripple,2.357096532639873,2026-01-06
1809,ripple,2.306181895074802,2026-01-07
1810,ripple,2.1647432080023226,2026-01-08
1811,ripple,2.1251717689023337,2026-01-09
1812,ripple,2.0927673320195863,2026-01-10
1813,ripple,2.088652195195928,2026-01-11
1814,ripple,2.0697438242842803,2026-01-12
1815,ripple,2.0521552957803872,2026-01-13
1816,ripple,2.1573149435015675,2026-01-14
1817,ripple,2.139155616612297,2026-01-15
1818,ripple,2.077452437224596,2026-01-16
1819,ripple,2.068150596847967,2026-01-17
1820,ripple,2.061745805630061,2026-01-18
1821,ripple,1.995267313537964,2026-01-19
1822,ripple,1.9884649839518649,2026-01-20
1823,ripple,1.8875376220238804,2026-01-21
1824,ripple,1.9437698220745168,2026-01-22
1825,ripple,1.9204225104332824,2026-01-23
1826,ripple,1.9194180431938297,2026-01-24
1827,ripple,1.9133958344258728,2026-01-25
1828,ripple,1.8327098897122869,2026-01-26
