,date,price_usd
0,2020-01-02,61.17
1,2020-01-03,63.0
2,2020-01-04,63.0
3,2020-01-05,63.0
4,2020-01-06,63.27
5,2020-01-07,62.7
6,2020-01-08,59.65
7,2020-01-09,59.56
8,2020-01-10,59.02
9,2020-01-11,59.02
10,2020-01-12,59.02
11,2020-01-13,58.17
12,2020-01-14,58.34
13,2020-01-15,57.86
14,2020-01-16,58.52
15,2020-01-17,58.55
16,2020-01-18,58.55
17,2020-01-19,58.55
18,2020-01-20,58.55
19,2020-01-21,58.25
20,2020-01-22,56.76
21,2020-01-23,55.51
22,2020-01-24,54.09
23,2020-01-25,54.09
24,2020-01-26,54.09
25,2020-01-27,53.09
26,2020-01-28,53.33
27,2020-01-29,53.29
28,2020-01-30,52.19
29,2020-01-31,51.58
30,2020-02-01,51.58
31,2020-02-02,51.58
32,2020-02-03,50.06
33,2020-02-04,49.59
34,2020-02-05,50.87
35,2020-02-06,50.94
36,2020-02-07,50.34
37,2020-02-08,50.34
38,2020-02-09,50.34
39,2020-02-10,49.59
40,2020-02-11,50.0
41,2020-02-12,51.13
42,2020-02-13,51.41
43,2020-02-14,52.03
44,2020-02-15,52.03
45,2020-02-16,52.03
46,2020-02-17,52.03
47,2020-02-18,52.1
48,2020-02-19,53.31
49,2020-02-20,53.77
50,2020-02-21,53.36
51,2020-02-22,53.36
52,2020-02-23,53.36
53,2020-02-24,51.36
54,2020-02-25,49.78
55,2020-02-26,48.67
56,2020-02-27,47.17
57,2020-02-28,44.83
58,2020-02-29,44.83
59,2020-03-01,44.83
60,2020-03-02,46.78
61,2020-03-03,47.27
62,2020-03-04,46.78
63,2020-03-05,45.9
64,2020-03-06,41.14
65,2020-03-07,41.14
66,2020-03-08,41.14
67,2020-03-09,31.05
68,2020-03-10,34.47
69,2020-03-11,33.13
70,2020-03-12,31.56
71,2020-03-13,31.72
72,2020-03-14,31.72
73,2020-03-15,31.72
74,2020-03-16,28.96
75,2020-03-17,26.96
76,2020-03-18,20.48
77,2020-03-19,25.09
78,2020-03-20,19.48
79,2020-03-21,19.48
80,2020-03-22,19.48
81,2020-03-23,23.33
82,2020-03-24,21.03
83,2020-03-25,20.75
84,2020-03-26,16.6
85,2020-03-27,15.48
86,2020-03-28,15.48
87,2020-03-29,15.48
88,2020-03-30,14.1
89,2020-03-31,20.51
90,2020-04-01,20.28
91,2020-04-02,25.18
92,2020-04-03,28.36
93,2020-04-04,28.36
94,2020-04-05,28.36
95,2020-04-06,26.21
96,2020-04-07,23.54
97,2020-04-08,24.97
98,2020-04-09,22.9
99,2020-04-10,22.9
100,2020-04-11,22.9
101,2020-04-12,22.9
102,2020-04-13,22.36
103,2020-04-14,20.15
104,2020-04-15,19.96
105,2020-04-16,19.82
106,2020-04-17,18.31
107,2020-04-18,18.31
108,2020-04-19,18.31
109,2020-04-20,-36.98
110,2020-04-21,8.91
111,2020-04-22,13.64
112,2020-04-23,15.06
113,2020-04-24,15.99
114,2020-04-25,15.99
115,2020-04-26,15.99
116,2020-04-27,12.17
117,2020-04-28,12.4
118,2020-04-29,15.04
119,2020-04-30,19.23
120,2020-05-01,19.72
121,2020-05-02,19.72
122,2020-05-03,19.72
123,2020-05-04,20.47
124,2020-05-05,24.56
125,2020-05-06,23.88
126,2020-05-07,23.68
127,2020-05-08,24.73
128,2020-05-09,24.73
129,2020-05-10,24.73
130,2020-05-11,24.02
131,2020-05-12,25.76
132,2020-05-13,25.37
133,2020-05-14,27.4
134,2020-05-15,29.44
135,2020-05-16,29.44
136,2020-05-17,29.44
137,2020-05-18,31.83
138,2020-05-19,32.3
139,2020-05-20,33.56
140,2020-05-21,34.3
141,2020-05-22,33.49
142,2020-05-23,33.49
143,2020-05-24,33.49
144,2020-05-25,33.49
145,2020-05-26,34.7
146,2020-05-27,32.8
147,2020-05-28,33.67
148,2020-05-29,35.57
149,2020-05-30,35.57
150,2020-05-31,35.57
151,2020-06-01,35.49
152,2020-06-02,36.88
153,2020-06-03,37.33
154,2020-06-04,37.42
155,2020-06-05,39.49
156,2020-06-06,39.49
157,2020-06-07,39.49
158,2020-06-08,38.17
159,2020-06-09,38.98
160,2020-06-10,39.54
161,2020-06-11,36.43
162,2020-06-12,36.24
163,2020-06-13,36.24
164,2020-06-14,36.24
165,2020-06-15,37.07
166,2020-06-16,38.26
167,2020-06-17,37.91
168,2020-06-18,38.79
169,2020-06-19,39.72
170,2020-06-20,39.72
171,2020-06-21,39.72
172,2020-06-22,40.6
173,2020-06-23,40.4
174,2020-06-24,37.91
175,2020-06-25,38.66
176,2020-06-26,38.53
177,2020-06-27,38.53
178,2020-06-28,38.53
179,2020-06-29,39.67
180,2020-06-30,39.27
181,2020-07-01,39.88
182,2020-07-02,40.57
183,2020-07-03,40.57
184,2020-07-04,40.57
185,2020-07-05,40.57
186,2020-07-06,40.51
187,2020-07-07,40.59
188,2020-07-08,40.91
189,2020-07-09,39.64
190,2020-07-10,40.56
191,2020-07-11,40.56
192,2020-07-12,40.56
193,2020-07-13,40.06
194,2020-07-14,40.3
195,2020-07-15,41.2
196,2020-07-16,40.74
197,2020-07-17,40.55
198,2020-07-18,40.55
199,2020-07-19,40.55
200,2020-07-20,40.83
201,2020-07-21,41.76
202,2020-07-22,41.88
203,2020-07-23,40.99
204,2020-07-24,41.23
205,2020-07-25,41.23
206,2020-07-26,41.23
207,2020-07-27,41.46
208,2020-07-28,40.89
209,2020-07-29,41.13
210,2020-07-30,39.85
211,2020-07-31,40.1
212,2020-08-01,40.1
213,2020-08-02,40.1
214,2020-08-03,40.83
215,2020-08-04,41.67
216,2020-08-05,42.25
217,2020-08-06,41.93
218,2020-08-07,41.16
219,2020-08-08,41.16
220,2020-08-09,41.16
221,2020-08-10,41.94
222,2020-08-11,41.53
223,2020-08-12,42.6
224,2020-08-13,42.26
225,2020-08-14,42.05
226,2020-08-15,42.05
227,2020-08-16,42.05
228,2020-08-17,42.89
229,2020-08-18,42.89
230,2020-08-19,42.91
231,2020-08-20,42.62
232,2020-08-21,42.32
233,2020-08-22,42.32
234,2020-08-23,42.32
235,2020-08-24,42.44
236,2020-08-25,43.17
237,2020-08-26,43.21
238,2020-08-27,42.88
239,2020-08-28,42.96
240,2020-08-29,42.96
241,2020-08-30,42.96
242,2020-08-31,42.61
243,2020-09-01,42.76
244,2020-09-02,42.76
245,2020-09-03,41.39
246,2020-09-04,39.69
247,2020-09-05,39.69
248,2020-09-06,39.69
249,2020-09-07,39.69
250,2020-09-08,36.87
251,2020-09-09,38.05
252,2020-09-10,37.25
253,2020-09-11,37.33
254,2020-09-12,37.33
255,2020-09-13,37.33
256,2020-09-14,37.23
257,2020-09-15,38.29
258,2020-09-16,40.17
259,2020-09-17,40.99
260,2020-09-18,41.09
261,2020-09-19,41.09
262,2020-09-20,41.09
263,2020-09-21,39.26
264,2020-09-22,39.55
265,2020-09-23,39.92
266,2020-09-24,40.11
267,2020-09-25,40.06
268,2020-09-26,40.06
269,2020-09-27,40.06
270,2020-09-28,40.47
271,2020-09-29,39.03
272,2020-09-30,40.05
273,2020-10-01,38.51
274,2020-10-02,36.9
275,2020-10-03,36.9
276,2020-10-04,36.9
277,2020-10-05,39.12
278,2020-10-06,40.52
279,2020-10-07,39.82
280,2020-10-08,41.04
281,2020-10-09,40.44
282,2020-10-10,40.44
283,2020-10-11,40.44
284,2020-10-12,39.22
285,2020-10-13,40.03
286,2020-10-14,40.86
287,2020-10-15,40.84
288,2020-10-16,40.7
289,2020-10-17,40.7
290,2020-10-18,40.7
291,2020-10-19,40.69
292,2020-10-20,41.37
293,2020-10-21,39.88
294,2020-10-22,40.46
295,2020-10-23,39.73
296,2020-10-24,39.73
297,2020-10-25,39.73
298,2020-10-26,38.39
299,2020-10-27,39.34
300,2020-10-28,37.27
301,2020-10-29,35.94
302,2020-10-30,35.64
303,2020-10-31,35.64
304,2020-11-01,35.64
305,2020-11-02,36.6
306,2020-11-03,37.44
307,2020-11-04,38.97
308,2020-11-05,38.56
309,2020-11-06,36.97
310,2020-11-07,36.97
311,2020-11-08,36.97
312,2020-11-09,40.05
313,2020-11-10,41.18
314,2020-11-11,41.23
315,2020-11-12,40.9
316,2020-11-13,39.93
317,2020-11-14,39.93
318,2020-11-15,39.93
319,2020-11-16,41.14
320,2020-11-17,41.24
321,2020-11-18,41.64
322,2020-11-19,41.57
323,2020-11-20,41.99
324,2020-11-21,41.99
325,2020-11-22,41.99
326,2020-11-23,42.91
327,2020-11-24,44.71
328,2020-11-25,45.58
329,2020-11-26,45.58
330,2020-11-27,45.58
331,2020-11-28,45.58
332,2020-11-29,45.58
333,2020-11-30,45.2
334,2020-12-01,44.54
335,2020-12-02,45.23
336,2020-12-03,45.65
337,2020-12-04,46.23
338,2020-12-05,46.23
339,2020-12-06,46.23
340,2020-12-07,45.72
341,2020-12-08,45.64
342,2020-12-09,45.48
343,2020-12-10,46.76
344,2020-12-11,46.59
345,2020-12-12,46.59
346,2020-12-13,46.59
347,2020-12-14,47.02
348,2020-12-15,47.58
349,2020-12-16,47.86
350,2020-12-17,48.34
351,2020-12-18,49.04
352,2020-12-19,49.04
353,2020-12-20,49.04
354,2020-12-21,47.79
355,2020-12-22,47.02
356,2020-12-23,47.94
357,2020-12-24,48.18
358,2020-12-25,48.18
359,2020-12-26,48.18
360,2020-12-27,48.18
361,2020-12-28,47.5
362,2020-12-29,47.85
363,2020-12-30,48.24
364,2020-12-31,48.35
365,2021-01-01,48.35
366,2021-01-02,48.35
367,2021-01-03,48.35
368,2021-01-04,47.47
369,2021-01-05,49.78
370,2021-01-06,50.45
371,2021-01-07,50.63
372,2021-01-08,52.14
373,2021-01-09,52.14
374,2021-01-10,52.14
375,2021-01-11,52.15
376,2021-01-12,53.08
377,2021-01-13,52.81
378,2021-01-14,53.47
379,2021-01-15,52.25
380,2021-01-16,52.25
381,2021-01-17,52.25
382,2021-01-18,52.25
383,2021-01-19,52.87
384,2021-01-20,53.16
385,2021-01-21,53.0
386,2021-01-22,52.28
387,2021-01-23,52.28
388,2021-01-24,52.28
389,2021-01-25,52.78
390,2021-01-26,52.61
391,2021-01-27,52.81
392,2021-01-28,52.26
393,2021-01-29,52.16
394,2021-01-30,52.16
395,2021-01-31,52.16
396,2021-02-01,53.55
397,2021-02-02,54.77
398,2021-02-03,55.67
399,2021-02-04,56.19
400,2021-02-05,56.8
401,2021-02-06,56.8
402,2021-02-07,56.8
403,2021-02-08,57.95
404,2021-02-09,58.34
405,2021-02-10,58.69
406,2021-02-11,58.22
407,2021-02-12,59.5
408,2021-02-13,59.5
409,2021-02-14,59.5
410,2021-02-15,59.5
411,2021-02-16,60.07
412,2021-02-17,61.09
413,2021-02-18,60.4
414,2021-02-19,59.12
415,2021-02-20,59.12
416,2021-02-21,59.12
417,2021-02-22,61.67
418,2021-02-23,61.66
419,2021-02-24,63.21
420,2021-02-25,63.43
421,2021-02-26,61.55
422,2021-02-27,61.55
423,2021-02-28,61.55
424,2021-03-01,60.54
425,2021-03-02,59.7
426,2021-03-03,61.33
427,2021-03-04,63.81
428,2021-03-05,66.08
429,2021-03-06,66.08
430,2021-03-07,66.08
431,2021-03-08,65.03
432,2021-03-09,64.02
433,2021-03-10,64.45
434,2021-03-11,66.02
435,2021-03-12,65.59
436,2021-03-13,65.59
437,2021-03-14,65.59
438,2021-03-15,65.36
439,2021-03-16,64.82
440,2021-03-17,64.55
441,2021-03-18,59.95
442,2021-03-19,61.43
443,2021-03-20,61.43
444,2021-03-21,61.43
445,2021-03-22,61.48
446,2021-03-23,57.75
447,2021-03-24,61.12
448,2021-03-25,58.47
449,2021-03-26,60.93
450,2021-03-27,60.93
451,2021-03-28,60.93
452,2021-03-29,61.49
453,2021-03-30,60.55
454,2021-03-31,59.19
455,2021-04-01,61.41
456,2021-04-02,61.41
457,2021-04-03,61.41
458,2021-04-04,61.41
459,2021-04-05,58.73
460,2021-04-06,59.34
461,2021-04-07,59.77
462,2021-04-08,59.61
463,2021-04-09,59.29
464,2021-04-10,59.29
465,2021-04-11,59.29
466,2021-04-12,59.7
467,2021-04-13,60.2
468,2021-04-14,63.15
469,2021-04-15,63.42
470,2021-04-16,63.16
471,2021-04-17,63.16
472,2021-04-18,63.16
473,2021-04-19,63.33
474,2021-04-20,62.61
475,2021-04-21,61.34
476,2021-04-22,61.45
477,2021-04-23,62.18
478,2021-04-24,62.18
479,2021-04-25,62.18
480,2021-04-26,62.02
481,2021-04-27,63.03
482,2021-04-28,63.81
483,2021-04-29,65.0
484,2021-04-30,63.5
485,2021-05-01,63.5
486,2021-05-02,63.5
487,2021-05-03,64.46
488,2021-05-04,65.72
489,2021-05-05,65.63
490,2021-05-06,64.73
491,2021-05-07,64.96
492,2021-05-08,64.96
493,2021-05-09,64.96
494,2021-05-10,64.92
495,2021-05-11,65.31
496,2021-05-12,65.96
497,2021-05-13,63.82
498,2021-05-14,65.32
499,2021-05-15,65.32
500,2021-05-16,65.32
501,2021-05-17,66.24
502,2021-05-18,65.49
503,2021-05-19,63.28
504,2021-05-20,61.95
505,2021-05-21,63.61
506,2021-05-22,63.61
507,2021-05-23,63.61
508,2021-05-24,66.13
509,2021-05-25,66.27
510,2021-05-26,66.41
511,2021-05-27,66.87
512,2021-05-28,66.31
513,2021-05-29,66.31
514,2021-05-30,66.31
515,2021-05-31,66.31
516,2021-06-01,67.8
517,2021-06-02,68.79
518,2021-06-03,68.81
519,2021-06-04,69.57
520,2021-06-05,69.57
521,2021-06-06,69.57
522,2021-06-07,69.21
523,2021-06-08,70.11
524,2021-06-09,69.9
525,2021-06-10,70.34
526,2021-06-11,71.0
527,2021-06-12,71.0
528,2021-06-13,71.0
529,2021-06-14,70.94
530,2021-06-15,72.06
531,2021-06-16,72.03
532,2021-06-17,71.06
533,2021-06-18,71.64
534,2021-06-19,71.64
535,2021-06-20,71.64
536,2021-06-21,73.64
537,2021-06-22,73.15
538,2021-06-23,73.11
539,2021-06-24,73.31
540,2021-06-25,74.21
541,2021-06-26,74.21
542,2021-06-27,74.21
543,2021-06-28,72.98
544,2021-06-29,73.14
545,2021-06-30,73.52
546,2021-07-01,75.33
547,2021-07-02,75.37
548,2021-07-03,75.37
549,2021-07-04,75.37
550,2021-07-05,75.37
551,2021-07-06,73.62
552,2021-07-07,72.22
553,2021-07-08,72.98
554,2021-07-09,74.56
555,2021-07-10,74.56
556,2021-07-11,74.56
557,2021-07-12,74.21
558,2021-07-13,75.24
559,2021-07-14,73.06
560,2021-07-15,71.67
561,2021-07-16,71.76
562,2021-07-17,71.76
563,2021-07-18,71.76
564,2021-07-19,66.45
565,2021-07-20,67.32
566,2021-07-21,70.26
567,2021-07-22,72.15
568,2021-07-23,72.24
569,2021-07-24,72.24
570,2021-07-25,72.24
571,2021-07-26,72.15
572,2021-07-27,71.68
573,2021-07-28,72.37
574,2021-07-29,73.62
575,2021-07-30,73.93
576,2021-07-31,73.93
577,2021-08-01,73.93
578,2021-08-02,71.31
579,2021-08-03,70.64
580,2021-08-04,68.19
581,2021-08-05,69.1
582,2021-08-06,68.26
583,2021-08-07,68.26
584,2021-08-08,68.26
585,2021-08-09,66.56
586,2021-08-10,68.33
587,2021-08-11,69.3
588,2021-08-12,69.12
589,2021-08-13,68.36
590,2021-08-14,68.36
591,2021-08-15,68.36
592,2021-08-16,67.44
593,2021-08-17,66.5
594,2021-08-18,65.36
595,2021-08-19,63.69
596,2021-08-20,62.25
597,2021-08-21,62.25
598,2021-08-22,62.25
599,2021-08-23,65.65
600,2021-08-24,67.5
601,2021-08-25,68.54
602,2021-08-26,67.42
603,2021-08-27,68.84
604,2021-08-28,68.84
605,2021-08-29,68.84
606,2021-08-30,69.28
607,2021-08-31,68.43
608,2021-09-01,68.63
609,2021-09-02,70.07
610,2021-09-03,69.34
611,2021-09-04,69.34
612,2021-09-05,69.34
613,2021-09-06,69.34
614,2021-09-07,68.49
615,2021-09-08,69.36
616,2021-09-09,68.26
617,2021-09-10,69.82
618,2021-09-11,69.82
619,2021-09-12,69.82
620,2021-09-13,70.54
621,2021-09-14,70.53
622,2021-09-15,72.59
623,2021-09-16,72.69
624,2021-09-17,72.09
625,2021-09-18,72.09
626,2021-09-19,72.09
627,2021-09-20,70.41
628,2021-09-21,70.51
629,2021-09-22,72.37
630,2021-09-23,73.43
631,2021-09-24,74.18
632,2021-09-25,74.18
633,2021-09-26,74.18
634,2021-09-27,75.54
635,2021-09-28,75.44
636,2021-09-29,75.06
637,2021-09-30,75.22
638,2021-10-01,76.01
639,2021-10-02,76.01
640,2021-10-03,76.01
641,2021-10-04,77.68
642,2021-10-05,79.17
643,2021-10-06,77.66
644,2021-10-07,78.46
645,2021-10-08,79.55
646,2021-10-09,79.55
647,2021-10-10,79.55
648,2021-10-11,80.64
649,2021-10-12,80.75
650,2021-10-13,80.67
651,2021-10-14,81.43
652,2021-10-15,82.39
653,2021-10-16,82.39
654,2021-10-17,82.39
655,2021-10-18,82.62
656,2021-10-19,83.19
657,2021-10-20,84.4
658,2021-10-21,82.64
659,2021-10-22,84.53
660,2021-10-23,84.53
661,2021-10-24,84.53
662,2021-10-25,84.64
663,2021-10-26,85.64
664,2021-10-27,82.66
665,2021-10-28,82.78
666,2021-10-29,83.5
667,2021-10-30,83.5
668,2021-10-31,83.5
669,2021-11-01,84.08
670,2021-11-02,83.91
671,2021-11-03,80.82
672,2021-11-04,78.88
673,2021-11-05,81.25
674,2021-11-06,81.25
675,2021-11-07,81.25
676,2021-11-08,81.96
677,2021-11-09,84.12
678,2021-11-10,81.23
679,2021-11-11,81.47
680,2021-11-12,80.87
681,2021-11-13,80.87
682,2021-11-14,80.87
683,2021-11-15,80.85
684,2021-11-16,80.76
685,2021-11-17,78.32
686,2021-11-18,78.92
687,2021-11-19,76.11
688,2021-11-20,76.11
689,2021-11-21,76.11
690,2021-11-22,76.74
691,2021-11-23,78.32
692,2021-11-24,78.32
693,2021-11-25,78.32
694,2021-11-26,78.32
695,2021-11-27,78.32
696,2021-11-28,78.32
697,2021-11-29,69.88
698,2021-11-30,66.14
699,2021-12-01,65.44
700,2021-12-02,66.6
701,2021-12-03,66.39
702,2021-12-04,66.39
703,2021-12-05,66.39
704,2021-12-06,69.62
705,2021-12-07,71.94
706,2021-12-08,72.43
707,2021-12-09,70.87
708,2021-12-10,71.71
709,2021-12-11,71.71
710,2021-12-12,71.71
711,2021-12-13,71.19
712,2021-12-14,70.57
713,2021-12-15,70.89
714,2021-12-16,72.34
715,2021-12-17,70.93
716,2021-12-18,70.93
717,2021-12-19,70.93
718,2021-12-20,68.69
719,2021-12-21,71.1
720,2021-12-22,72.82
721,2021-12-23,73.89
722,2021-12-24,73.89
723,2021-12-25,73.89
724,2021-12-26,73.89
725,2021-12-27,75.49
726,2021-12-28,76.01
727,2021-12-29,76.58
728,2021-12-30,76.83
729,2021-12-31,75.33
730,2022-01-01,75.33
731,2022-01-02,75.33
732,2022-01-03,75.99
733,2022-01-04,77.0
734,2022-01-05,77.83
735,2022-01-06,79.47
736,2022-01-07,79.0
737,2022-01-08,79.0
738,2022-01-09,79.0
739,2022-01-10,78.11
740,2022-01-11,81.17
741,2022-01-12,82.51
742,2022-01-13,81.97
743,2022-01-14,83.82
744,2022-01-15,83.82
745,2022-01-16,83.82
746,2022-01-17,83.82
747,2022-01-18,85.42
748,2022-01-19,86.84
749,2022-01-20,86.29
750,2022-01-21,85.16
751,2022-01-22,85.16
752,2022-01-23,85.16
753,2022-01-24,84.48
754,2022-01-25,86.61
755,2022-01-26,88.33
756,2022-01-27,87.61
757,2022-01-28,87.67
758,2022-01-29,87.67
759,2022-01-30,87.67
760,2022-01-31,89.16
761,2022-02-01,88.22
762,2022-02-02,88.16
763,2022-02-03,90.17
764,2022-02-04,92.27
765,2022-02-05,92.27
766,2022-02-06,92.27
767,2022-02-07,91.25
768,2022-02-08,89.32
769,2022-02-09,89.57
770,2022-02-10,89.83
771,2022-02-11,93.1
772,2022-02-12,93.1
773,2022-02-13,93.1
774,2022-02-14,95.52
775,2022-02-15,92.07
776,2022-02-16,93.83
777,2022-02-17,91.78
778,2022-02-18,91.26
779,2022-02-19,91.26
780,2022-02-20,91.26
781,2022-02-21,91.26
782,2022-02-22,92.11
783,2022-02-23,92.14
784,2022-02-24,92.77
785,2022-02-25,91.68
786,2022-02-26,91.68
787,2022-02-27,91.68
788,2022-02-28,96.13
789,2022-03-01,103.66
790,2022-03-02,110.74
791,2022-03-03,107.69
792,2022-03-04,115.77
793,2022-03-05,115.77
794,2022-03-06,115.77
795,2022-03-07,119.26
796,2022-03-08,123.64
797,2022-03-09,108.81
798,2022-03-10,105.93
799,2022-03-11,109.31
800,2022-03-12,109.31
801,2022-03-13,109.31
802,2022-03-14,103.22
803,2022-03-15,96.42
804,2022-03-16,94.85
805,2022-03-17,102.97
806,2022-03-18,104.69
807,2022-03-19,104.69
808,2022-03-20,104.69
809,2022-03-21,112.14
810,2022-03-22,111.03
811,2022-03-23,114.89
812,2022-03-24,114.2
813,2022-03-25,116.2
814,2022-03-26,116.2
815,2022-03-27,116.2
816,2022-03-28,107.55
817,2022-03-29,104.25
818,2022-03-30,107.81
819,2022-03-31,100.53
820,2022-04-01,99.32
821,2022-04-02,99.32
822,2022-04-03,99.32
823,2022-04-04,103.29
824,2022-04-05,101.98
825,2022-04-06,96.39
826,2022-04-07,96.05
827,2022-04-08,98.35
828,2022-04-09,98.35
829,2022-04-10,98.35
830,2022-04-11,94.22
831,2022-04-12,100.52
832,2022-04-13,104.26
833,2022-04-14,106.84
834,2022-04-15,106.84
835,2022-04-16,106.84
836,2022-04-17,106.84
837,2022-04-18,108.24
838,2022-04-19,102.54
839,2022-04-20,102.56
840,2022-04-21,103.89
841,2022-04-22,102.86
842,2022-04-23,102.86
843,2022-04-24,102.86
844,2022-04-25,99.6
845,2022-04-26,102.62
846,2022-04-27,101.96
847,2022-04-28,105.47
848,2022-04-29,104.59
849,2022-04-30,104.59
850,2022-05-01,104.59
851,2022-05-02,105.18
852,2022-05-03,102.53
853,2022-05-04,107.84
854,2022-05-05,108.17
855,2022-05-06,109.72
856,2022-05-07,109.72
857,2022-05-08,109.72
858,2022-05-09,103.08
859,2022-05-10,99.74
860,2022-05-11,105.5
861,2022-05-12,106.15
862,2022-05-13,110.52
863,2022-05-14,110.52
864,2022-05-15,110.52
865,2022-05-16,114.07
866,2022-05-17,112.31
867,2022-05-18,109.67
868,2022-05-19,112.21
869,2022-05-20,112.63
870,2022-05-21,112.63
871,2022-05-22,112.63
872,2022-05-23,110.32
873,2022-05-24,112.55
874,2022-05-25,112.88
875,2022-05-26,116.19
876,2022-05-27,114.96
877,2022-05-28,114.96
878,2022-05-29,114.96
879,2022-05-30,114.96
880,2022-05-31,114.38
881,2022-06-01,115.26
882,2022-06-02,116.88
883,2022-06-03,118.97
884,2022-06-04,118.97
885,2022-06-05,118.97
886,2022-06-06,118.41
887,2022-06-07,119.55
888,2022-06-08,121.94
889,2022-06-09,121.52
890,2022-06-10,120.73
891,2022-06-11,120.73
892,2022-06-12,120.73
893,2022-06-13,120.92
894,2022-06-14,118.92
895,2022-06-15,115.32
896,2022-06-16,117.56
897,2022-06-17,109.56
898,2022-06-18,109.56
899,2022-06-19,109.56
900,2022-06-20,109.56
901,2022-06-21,110.49
902,2022-06-22,106.22
903,2022-06-23,105.75
904,2022-06-24,109.07
905,2022-06-25,109.07
906,2022-06-26,109.07
907,2022-06-27,111.44
908,2022-06-28,113.66
909,2022-06-29,111.65
910,2022-06-30,107.76
911,2022-07-01,110.3
912,2022-07-02,110.3
913,2022-07-03,110.3
914,2022-07-04,110.3
915,2022-07-05,101.55
916,2022-07-06,100.31
917,2022-07-07,104.62
918,2022-07-08,106.78
919,2022-07-09,106.78
920,2022-07-10,106.78
921,2022-07-11,106.09
922,2022-07-12,97.69
923,2022-07-13,98.44
924,2022-07-14,97.79
925,2022-07-15,99.59
926,2022-07-16,99.59
927,2022-07-17,99.59
928,2022-07-18,104.48
929,2022-07-19,106.12
930,2022-07-20,104.45
931,2022-07-21,98.44
932,2022-07-22,97.71
933,2022-07-23,97.71
934,2022-07-24,97.71
935,2022-07-25,99.83
936,2022-07-26,97.74
937,2022-07-27,100.03
938,2022-07-28,99.11
939,2022-07-29,101.31
940,2022-07-30,101.31
941,2022-07-31,101.31
942,2022-08-01,96.59
943,2022-08-02,97.14
944,2022-08-03,93.25
945,2022-08-04,91.29
946,2022-08-05,91.77
947,2022-08-06,91.77
948,2022-08-07,91.77
949,2022-08-08,93.52
950,2022-08-09,93.18
951,2022-08-10,94.68
952,2022-08-11,97.02
953,2022-08-12,94.86
954,2022-08-13,94.86
955,2022-08-14,94.86
956,2022-08-15,92.24
957,2022-08-16,89.23
958,2022-08-17,90.85
959,2022-08-18,93.2
960,2022-08-19,93.55
961,2022-08-20,93.55
962,2022-08-21,93.55
963,2022-08-22,93.42
964,2022-08-23,96.46
965,2022-08-24,95.52
966,2022-08-25,93.33
967,2022-08-26,93.63
968,2022-08-27,93.63
969,2022-08-28,93.63
970,2022-08-29,97.4
971,2022-08-30,92.08
972,2022-08-31,90.09
973,2022-09-01,87.09
974,2022-09-02,87.29
975,2022-09-03,87.29
976,2022-09-04,87.29
977,2022-09-05,87.29
978,2022-09-06,87.35
979,2022-09-07,82.5
980,2022-09-08,84.04
981,2022-09-09,87.27
982,2022-09-10,87.27
983,2022-09-11,87.27
984,2022-09-12,88.18
985,2022-09-13,87.84
986,2022-09-14,88.88
987,2022-09-15,85.72
988,2022-09-16,85.57
989,2022-09-17,85.57
990,2022-09-18,85.57
991,2022-09-19,86.15
992,2022-09-20,84.69
993,2022-09-21,83.38
994,2022-09-22,84.02
995,2022-09-23,79.07
996,2022-09-24,79.07
997,2022-09-25,79.07
998,2022-09-26,77.17
999,2022-09-27,78.91
1000,2022-09-28,82.61
1001,2022-09-29,81.78
1002,2022-09-30,79.91
1003,2022-10-01,79.91
1004,2022-10-02,79.91
1005,2022-10-03,84.05
1006,2022-10-04,86.87
1007,2022-10-05,88.22
1008,2022-10-06,88.9
1009,2022-10-07,93.07
1010,2022-10-08,93.07
1011,2022-10-09,93.07
1012,2022-10-10,91.6
1013,2022-10-11,89.75
1014,2022-10-12,87.83
1015,2022-10-13,89.59
1016,2022-10-14,86.1
1017,2022-10-15,86.1
1018,2022-10-16,86.1
1019,2022-10-17,86.0
1020,2022-10-18,83.29
1021,2022-10-19,86.0
1022,2022-10-20,86.02
1023,2022-10-21,85.47
1024,2022-10-22,85.47
1025,2022-10-23,85.47
1026,2022-10-24,86.12
1027,2022-10-25,86.93
1028,2022-10-26,89.39
1029,2022-10-27,89.06
1030,2022-10-28,87.85
1031,2022-10-29,87.85
1032,2022-10-30,87.85
1033,2022-10-31,86.54
1034,2022-11-01,88.36
1035,2022-11-02,90.06
1036,2022-11-03,88.14
1037,2022-11-04,92.58
1038,2022-11-05,92.58
1039,2022-11-06,92.58
1040,2022-11-07,91.8
1041,2022-11-08,88.8
1042,2022-11-09,85.79
1043,2022-11-10,86.52
1044,2022-11-11,89.14
1045,2022-11-12,89.14
1046,2022-11-13,89.14
1047,2022-11-14,85.85
1048,2022-11-15,86.87
1049,2022-11-16,85.62
1050,2022-11-17,81.69
1051,2022-11-18,80.07
1052,2022-11-19,80.07
1053,2022-11-20,80.07
1054,2022-11-21,79.74
1055,2022-11-22,80.83
1056,2022-11-23,77.93
1057,2022-11-24,77.93
1058,2022-11-25,76.45
1059,2022-11-26,76.45
1060,2022-11-27,76.45
1061,2022-11-28,77.1
1062,2022-11-29,77.96
1063,2022-11-30,80.48
1064,2022-12-01,81.06
1065,2022-12-02,79.86
1066,2022-12-03,79.86
1067,2022-12-04,79.86
1068,2022-12-05,76.83
1069,2022-12-06,74.21
1070,2022-12-07,71.93
1071,2022-12-08,71.3
1072,2022-12-09,71.05
1073,2022-12-10,71.05
1074,2022-12-11,71.05
1075,2022-12-12,72.96
1076,2022-12-13,75.44
1077,2022-12-14,77.14
1078,2022-12-15,75.89
1079,2022-12-16,74.19
1080,2022-12-17,74.19
1081,2022-12-18,74.19
1082,2022-12-19,75.05
1083,2022-12-20,75.92
1084,2022-12-21,78.17
1085,2022-12-22,77.68
1086,2022-12-23,79.57
1087,2022-12-24,79.57
1088,2022-12-25,79.57
1089,2022-12-26,79.57
1090,2022-12-27,79.45
1091,2022-12-28,78.89
1092,2022-12-29,78.43
1093,2022-12-30,80.16
1094,2022-12-31,80.16
1095,2023-01-01,80.16
1096,2023-01-02,80.16
1097,2023-01-03,76.87
1098,2023-01-04,72.82
1099,2023-01-05,73.61
1100,2023-01-06,73.77
1101,2023-01-07,73.77
1102,2023-01-08,73.77
1103,2023-01-09,74.69
1104,2023-01-10,75.11
1105,2023-01-11,77.46
1106,2023-01-12,78.32
1107,2023-01-13,79.9
1108,2023-01-14,79.9
1109,2023-01-15,79.9
1110,2023-01-16,79.9
1111,2023-01-17,80.25
1112,2023-01-18,79.53
1113,2023-01-19,80.31
1114,2023-01-20,81.27
1115,2023-01-21,81.27
1116,2023-01-22,81.27
1117,2023-01-23,81.62
1118,2023-01-24,79.86
1119,2023-01-25,79.78
1120,2023-01-26,80.64
1121,2023-01-27,79.73
1122,2023-01-28,79.73
1123,2023-01-29,79.73
1124,2023-01-30,77.97
1125,2023-01-31,78.95
1126,2023-02-01,76.34
1127,2023-02-02,75.87
1128,2023-02-03,73.4
1129,2023-02-04,73.4
1130,2023-02-05,73.4
1131,2023-02-06,74.11
1132,2023-02-07,77.17
1133,2023-02-08,78.47
1134,2023-02-09,78.04
1135,2023-02-10,79.74
1136,2023-02-11,79.74
1137,2023-02-12,79.74
1138,2023-02-13,80.14
1139,2023-02-14,79.08
1140,2023-02-15,78.57
1141,2023-02-16,78.45
1142,2023-02-17,76.31
1143,2023-02-18,76.31
1144,2023-02-19,76.31
1145,2023-02-20,76.31
1146,2023-02-21,76.28
1147,2023-02-22,73.95
1148,2023-02-23,75.26
1149,2023-02-24,76.19
1150,2023-02-25,76.19
1151,2023-02-26,76.19
1152,2023-02-27,75.57
1153,2023-02-28,76.88
1154,2023-03-01,77.57
1155,2023-03-02,78.05
1156,2023-03-03,79.62
1157,2023-03-04,79.62
1158,2023-03-05,79.62
1159,2023-03-06,80.39
1160,2023-03-07,77.45
1161,2023-03-08,76.56
1162,2023-03-09,75.6
1163,2023-03-10,76.55
1164,2023-03-11,76.55
1165,2023-03-12,76.55
1166,2023-03-13,74.68
1167,2023-03-14,71.18
1168,2023-03-15,67.38
1169,2023-03-16,68.15
1170,2023-03-17,66.61
1171,2023-03-18,66.61
1172,2023-03-19,66.61
1173,2023-03-20,67.56
1174,2023-03-21,69.4
1175,2023-03-22,70.71
1176,2023-03-23,69.77
1177,2023-03-24,69.22
1178,2023-03-25,69.22
1179,2023-03-26,69.22
1180,2023-03-27,72.87
1181,2023-03-28,73.12
1182,2023-03-29,72.95
1183,2023-03-30,74.32
1184,2023-03-31,75.68
1185,2023-04-01,75.68
1186,2023-04-02,75.68
1187,2023-04-03,80.4
1188,2023-04-04,80.7
1189,2023-04-05,80.69
1190,2023-04-06,80.7
1191,2023-04-07,80.7
1192,2023-04-08,80.7
1193,2023-04-09,80.7
1194,2023-04-10,79.79
1195,2023-04-11,81.54
1196,2023-04-12,83.26
1197,2023-04-13,82.16
1198,2023-04-14,82.58
1199,2023-04-15,82.58
1200,2023-04-16,82.58
1201,2023-04-17,80.93
1202,2023-04-18,80.85
1203,2023-04-19,79.18
1204,2023-04-20,77.27
1205,2023-04-21,77.86
1206,2023-04-22,77.86
1207,2023-04-23,77.86
1208,2023-04-24,78.64
1209,2023-04-25,77.05
1210,2023-04-26,74.33
1211,2023-04-27,74.77
1212,2023-04-28,76.78
1213,2023-04-29,76.78
1214,2023-04-30,76.78
1215,2023-05-01,75.65
1216,2023-05-02,71.71
1217,2023-05-03,68.62
1218,2023-05-04,68.52
1219,2023-05-05,71.32
1220,2023-05-06,71.32
1221,2023-05-07,71.32
1222,2023-05-08,73.13
1223,2023-05-09,73.68
1224,2023-05-10,72.53
1225,2023-05-11,70.81
1226,2023-05-12,70.02
1227,2023-05-13,70.02
1228,2023-05-14,70.02
1229,2023-05-15,71.07
1230,2023-05-16,70.85
1231,2023-05-17,72.78
1232,2023-05-18,71.82
1233,2023-05-19,71.57
1234,2023-05-20,71.57
1235,2023-05-21,71.57
1236,2023-05-22,71.81
1237,2023-05-23,72.87
1238,2023-05-24,74.37
1239,2023-05-25,71.68
1240,2023-05-26,72.35
1241,2023-05-27,72.35
1242,2023-05-28,72.35
1243,2023-05-29,72.35
1244,2023-05-30,69.45
1245,2023-05-31,68.11
1246,2023-06-01,70.09
1247,2023-06-02,71.76
1248,2023-06-03,71.76
1249,2023-06-04,71.76
1250,2023-06-05,72.14
1251,2023-06-06,71.71
1252,2023-06-07,72.52
1253,2023-06-08,71.28
1254,2023-06-09,70.16
1255,2023-06-10,70.16
1256,2023-06-11,70.16
1257,2023-06-12,67.08
1258,2023-06-13,69.39
1259,2023-06-14,68.22
1260,2023-06-15,70.61
1261,2023-06-16,71.81
1262,2023-06-17,71.81
1263,2023-06-18,71.81
1264,2023-06-19,71.81
1265,2023-06-20,70.94
1266,2023-06-21,72.55
1267,2023-06-22,69.22
1268,2023-06-23,68.91
1269,2023-06-24,68.91
1270,2023-06-25,68.91
1271,2023-06-26,69.09
1272,2023-06-27,67.68
1273,2023-06-28,69.54
1274,2023-06-29,69.85
1275,2023-06-30,70.66
1276,2023-07-01,70.66
1277,2023-07-02,70.66
1278,2023-07-03,69.71
1279,2023-07-04,69.71
1280,2023-07-05,71.78
1281,2023-07-06,71.76
1282,2023-07-07,73.91
1283,2023-07-08,73.91
1284,2023-07-09,73.91
1285,2023-07-10,73.05
1286,2023-07-11,74.87
1287,2023-07-12,75.77
1288,2023-07-13,76.86
1289,2023-07-14,75.44
1290,2023-07-15,75.44
1291,2023-07-16,75.44
1292,2023-07-17,74.17
1293,2023-07-18,75.76
1294,2023-07-19,75.4
1295,2023-07-20,75.65
1296,2023-07-21,77.06
1297,2023-07-22,77.06
1298,2023-07-23,77.06
1299,2023-07-24,78.81
1300,2023-07-25,79.76
1301,2023-07-26,79.11
1302,2023-07-27,80.17
1303,2023-07-28,80.55
1304,2023-07-29,80.55
1305,2023-07-30,80.55
1306,2023-07-31,81.8
1307,2023-08-01,81.37
1308,2023-08-02,79.5
1309,2023-08-03,81.56
1310,2023-08-04,82.76
1311,2023-08-05,82.76
1312,2023-08-06,82.76
1313,2023-08-07,81.94
1314,2023-08-08,82.94
1315,2023-08-09,84.35
1316,2023-08-10,82.81
1317,2023-08-11,83.17
1318,2023-08-12,83.17
1319,2023-08-13,83.17
1320,2023-08-14,82.5
1321,2023-08-15,81.06
1322,2023-08-16,79.4
1323,2023-08-17,80.43
1324,2023-08-18,81.25
1325,2023-08-19,81.25
1326,2023-08-20,81.25
1327,2023-08-21,80.71
1328,2023-08-22,80.25
1329,2023-08-23,78.91
1330,2023-08-24,79.52
1331,2023-08-25,80.47
1332,2023-08-26,80.47
1333,2023-08-27,80.47
1334,2023-08-28,80.65
1335,2023-08-29,81.14
1336,2023-08-30,81.64
1337,2023-08-31,83.55
1338,2023-09-01,85.52
1339,2023-09-02,85.52
1340,2023-09-03,85.52
1341,2023-09-04,85.52
1342,2023-09-05,86.74
1343,2023-09-06,87.55
1344,2023-09-07,86.87
1345,2023-09-08,87.51
1346,2023-09-09,87.51
1347,2023-09-10,87.51
1348,2023-09-11,87.3
1349,2023-09-12,88.87
1350,2023-09-13,88.59
1351,2023-09-14,90.13
1352,2023-09-15,90.83
1353,2023-09-16,90.83
1354,2023-09-17,90.83
1355,2023-09-18,91.47
1356,2023-09-19,91.16
1357,2023-09-20,89.2
1358,2023-09-21,89.56
1359,2023-09-22,90.0
1360,2023-09-23,90.0
1361,2023-09-24,90.0
1362,2023-09-25,89.68
1363,2023-09-26,91.43
1364,2023-09-27,93.67
1365,2023-09-28,91.65
1366,2023-09-29,90.77
1367,2023-09-30,90.77
1368,2023-10-01,90.77
1369,2023-10-02,88.81
1370,2023-10-03,89.26
1371,2023-10-04,84.32
1372,2023-10-05,82.3
1373,2023-10-06,82.83
1374,2023-10-07,82.83
1375,2023-10-08,82.83
1376,2023-10-09,82.83
1377,2023-10-10,85.89
1378,2023-10-11,83.7
1379,2023-10-12,82.87
1380,2023-10-13,87.67
1381,2023-10-14,87.67
1382,2023-10-15,87.67
1383,2023-10-16,86.65
1384,2023-10-17,86.66
1385,2023-10-18,88.35
1386,2023-10-19,89.35
1387,2023-10-20,89.12
1388,2023-10-21,89.12
1389,2023-10-22,89.12
1390,2023-10-23,85.49
1391,2023-10-24,84.58
1392,2023-10-25,86.07
1393,2023-10-26,83.8
1394,2023-10-27,86.04
1395,2023-10-28,86.04
1396,2023-10-29,86.04
1397,2023-10-30,83.03
1398,2023-10-31,81.64
1399,2023-11-01,81.05
1400,2023-11-02,83.04
1401,2023-11-03,81.19
1402,2023-11-04,81.19
1403,2023-11-05,81.19
1404,2023-11-06,81.54
1405,2023-11-07,77.96
1406,2023-11-08,75.85
1407,2023-11-09,76.34
1408,2023-11-10,76.34
1409,2023-11-11,76.34
1410,2023-11-12,76.34
1411,2023-11-13,78.86
1412,2023-11-14,78.9
1413,2023-11-15,77.15
1414,2023-11-16,73.5
1415,2023-11-17,76.47
1416,2023-11-18,76.47
1417,2023-11-19,76.47
1418,2023-11-20,78.1
1419,2023-11-21,78.35
1420,2023-11-22,76.8
1421,2023-11-23,76.8
1422,2023-11-24,74.83
1423,2023-11-25,74.83
1424,2023-11-26,74.83
1425,2023-11-27,74.46
1426,2023-11-28,76.09
1427,2023-11-29,77.56
1428,2023-11-30,75.66
1429,2023-12-01,73.7
1430,2023-12-02,73.7
1431,2023-12-03,73.7
1432,2023-12-04,72.73
1433,2023-12-05,71.95
1434,2023-12-06,68.98
1435,2023-12-07,69.0
1436,2023-12-08,70.87
1437,2023-12-09,70.87
1438,2023-12-10,70.87
1439,2023-12-11,70.95
1440,2023-12-12,68.27
1441,2023-12-13,69.09
1442,2023-12-14,71.21
1443,2023-12-15,71.05
1444,2023-12-16,71.05
1445,2023-12-17,71.05
1446,2023-12-18,72.16
1447,2023-12-19,73.23
1448,2023-12-20,73.87
1449,2023-12-21,73.59
1450,2023-12-22,73.29
1451,2023-12-23,73.29
1452,2023-12-24,73.29
1453,2023-12-25,73.29
1454,2023-12-26,75.84
1455,2023-12-27,74.31
1456,2023-12-28,72.02
1457,2023-12-29,71.89
1458,2023-12-30,71.89
1459,2023-12-31,71.89
1460,2024-01-01,71.89
1461,2024-01-02,70.62
1462,2024-01-03,72.97
1463,2024-01-04,72.38
1464,2024-01-05,74.0
1465,2024-01-06,74.0
1466,2024-01-07,74.0
1467,2024-01-08,71.06
1468,2024-01-09,72.43
1469,2024-01-10,71.57
1470,2024-01-11,72.15
1471,2024-01-12,72.94
1472,2024-01-13,72.94
1473,2024-01-14,72.94
1474,2024-01-15,72.94
1475,2024-01-16,72.63
1476,2024-01-17,72.79
1477,2024-01-18,74.32
1478,2024-01-19,73.69
1479,2024-01-20,73.69
1480,2024-01-21,73.69
1481,2024-01-22,75.26
1482,2024-01-23,74.72
1483,2024-01-24,75.48
1484,2024-01-25,77.91
1485,2024-01-26,78.45
1486,2024-01-27,78.45
1487,2024-01-28,78.45
1488,2024-01-29,77.25
1489,2024-01-30,78.3
1490,2024-01-31,76.28
1491,2024-02-01,74.36
1492,2024-02-02,72.72
1493,2024-02-03,72.72
1494,2024-02-04,72.72
1495,2024-02-05,73.21
1496,2024-02-06,73.83
1497,2024-02-07,74.26
1498,2024-02-08,76.67
1499,2024-02-09,77.26
1500,2024-02-10,77.26
1501,2024-02-11,77.26
1502,2024-02-12,77.34
1503,2024-02-13,78.28
1504,2024-02-14,77.09
1505,2024-02-15,78.47
1506,2024-02-16,79.65
1507,2024-02-17,79.65
1508,2024-02-18,79.65
1509,2024-02-19,79.65
1510,2024-02-20,78.72
1511,2024-02-21,78.89
1512,2024-02-22,79.64
1513,2024-02-23,77.6
1514,2024-02-24,77.6
1515,2024-02-25,77.6
1516,2024-02-26,78.53
1517,2024-02-27,79.8
1518,2024-02-28,79.44
1519,2024-02-29,79.22
1520,2024-03-01,80.9
1521,2024-03-02,80.9
1522,2024-03-03,80.9
1523,2024-03-04,79.67
1524,2024-03-05,79.11
1525,2024-03-06,80.08
1526,2024-03-07,79.81
1527,2024-03-08,78.96
1528,2024-03-09,78.96
1529,2024-03-10,78.96
1530,2024-03-11,78.87
1531,2024-03-12,78.51
1532,2024-03-13,80.67
1533,2024-03-14,82.16
1534,2024-03-15,81.94
1535,2024-03-16,81.94
1536,2024-03-17,81.94
1537,2024-03-18,83.68
1538,2024-03-19,84.39
1539,2024-03-20,82.79
1540,2024-03-21,81.99
1541,2024-03-22,81.1
1542,2024-03-23,81.1
1543,2024-03-24,81.1
1544,2024-03-25,82.41
1545,2024-03-26,82.41
1546,2024-03-27,82.15
1547,2024-03-28,83.96
1548,2024-03-29,83.96
1549,2024-03-30,83.96
1550,2024-03-31,83.96
1551,2024-04-01,84.54
1552,2024-04-02,85.95
1553,2024-04-03,86.22
1554,2024-04-04,87.37
1555,2024-04-05,87.69
1556,2024-04-06,87.69
1557,2024-04-07,87.69
1558,2024-04-08,87.24
1559,2024-04-09,86.04
1560,2024-04-10,86.98
1561,2024-04-11,85.79
1562,2024-04-12,86.46
1563,2024-04-13,86.46
1564,2024-04-14,86.46
1565,2024-04-15,86.21
1566,2024-04-16,86.15
1567,2024-04-17,83.58
1568,2024-04-18,83.5
1569,2024-04-19,83.79
1570,2024-04-20,83.79
1571,2024-04-21,83.79
1572,2024-04-22,83.82
1573,2024-04-23,84.17
1574,2024-04-24,84.09
1575,2024-04-25,84.92
1576,2024-04-26,85.38
1577,2024-04-27,85.38
1578,2024-04-28,85.38
1579,2024-04-29,84.26
1580,2024-04-30,83.49
1581,2024-05-01,80.7
1582,2024-05-02,80.59
1583,2024-05-03,79.65
1584,2024-05-04,79.65
1585,2024-05-05,79.65
1586,2024-05-06,80.1
1587,2024-05-07,79.97
1588,2024-05-08,80.57
1589,2024-05-09,80.86
1590,2024-05-10,79.81
1591,2024-05-11,79.81
1592,2024-05-12,79.81
1593,2024-05-13,80.71
1594,2024-05-14,79.62
1595,2024-05-15,80.23
1596,2024-05-16,80.85
1597,2024-05-17,81.66
1598,2024-05-18,81.66
1599,2024-05-19,81.66
1600,2024-05-20,81.39
1601,2024-05-21,80.66
1602,2024-05-22,79.15
1603,2024-05-23,77.47
1604,2024-05-24,78.48
1605,2024-05-25,78.48
1606,2024-05-26,78.48
1607,2024-05-27,78.48
1608,2024-05-28,80.9
1609,2024-05-29,80.24
1610,2024-05-30,78.96
1611,2024-05-31,77.97
1612,2024-06-01,77.97
1613,2024-06-02,77.97
1614,2024-06-03,75.26
1615,2024-06-04,74.27
1616,2024-06-05,75.08
1617,2024-06-06,76.52
1618,2024-06-07,76.53
1619,2024-06-08,76.53
1620,2024-06-09,76.53
1621,2024-06-10,78.75
1622,2024-06-11,78.88
1623,2024-06-12,79.56
1624,2024-06-13,79.61
1625,2024-06-14,79.41
1626,2024-06-15,79.41
1627,2024-06-16,79.41
1628,2024-06-17,81.33
1629,2024-06-18,82.67
1630,2024-06-19,82.67
1631,2024-06-20,83.34
1632,2024-06-21,81.71
1633,2024-06-22,81.71
1634,2024-06-23,81.71
1635,2024-06-24,82.63
1636,2024-06-25,81.97
1637,2024-06-26,82.19
1638,2024-06-27,83.04
1639,2024-06-28,82.83
1640,2024-06-29,82.83
1641,2024-06-30,82.83
1642,2024-07-01,84.7
1643,2024-07-02,84.09
1644,2024-07-03,85.19
1645,2024-07-04,85.19
1646,2024-07-05,84.44
1647,2024-07-06,84.44
1648,2024-07-07,84.44
1649,2024-07-08,83.63
1650,2024-07-09,82.78
1651,2024-07-10,83.39
1652,2024-07-11,83.92
1653,2024-07-12,83.49
1654,2024-07-13,83.49
1655,2024-07-14,83.49
1656,2024-07-15,83.22
1657,2024-07-16,81.92
1658,2024-07-17,84.16
1659,2024-07-18,84.17
1660,2024-07-19,81.43
1661,2024-07-20,81.43
1662,2024-07-21,81.43
1663,2024-07-22,81.25
1664,2024-07-23,78.24
1665,2024-07-24,78.78
1666,2024-07-25,79.43
1667,2024-07-26,78.58
1668,2024-07-27,78.58
1669,2024-07-28,78.58
1670,2024-07-29,77.27
1671,2024-07-30,76.17
1672,2024-07-31,79.36
1673,2024-08-01,77.74
1674,2024-08-02,74.99
1675,2024-08-03,74.99
1676,2024-08-04,74.99
1677,2024-08-05,74.46
1678,2024-08-06,74.6
1679,2024-08-07,76.68
1680,2024-08-08,77.64
1681,2024-08-09,78.28
1682,2024-08-10,78.28
1683,2024-08-11,78.28
1684,2024-08-12,81.45
1685,2024-08-13,79.81
1686,2024-08-14,78.47
1687,2024-08-15,79.66
1688,2024-08-16,78.05
1689,2024-08-17,78.05
1690,2024-08-18,78.05
1691,2024-08-19,75.82
1692,2024-08-20,75.27
1693,2024-08-21,72.76
1694,2024-08-22,73.72
1695,2024-08-23,75.82
1696,2024-08-24,75.82
1697,2024-08-25,75.82
1698,2024-08-26,78.4
1699,2024-08-27,76.5
1700,2024-08-28,75.49
1701,2024-08-29,76.9
1702,2024-08-30,74.52
1703,2024-08-31,74.52
1704,2024-09-01,74.52
1705,2024-09-02,74.52
1706,2024-09-03,71.28
1707,2024-09-04,70.11
1708,2024-09-05,70.09
1709,2024-09-06,68.58
1710,2024-09-07,68.58
1711,2024-09-08,68.58
1712,2024-09-09,69.65
1713,2024-09-10,66.73
1714,2024-09-11,68.25
1715,2024-09-12,69.89
1716,2024-09-13,69.59
1717,2024-09-14,69.59
1718,2024-09-15,69.59
1719,2024-09-16,71.1
1720,2024-09-17,72.16
1721,2024-09-18,71.87
1722,2024-09-19,72.86
1723,2024-09-20,72.72
1724,2024-09-21,72.72
1725,2024-09-22,72.72
1726,2024-09-23,71.33
1727,2024-09-24,72.34
1728,2024-09-25,70.42
1729,2024-09-26,68.28
1730,2024-09-27,68.72
1731,2024-09-28,68.72
1732,2024-09-29,68.72
1733,2024-09-30,68.75
1734,2024-10-01,70.41
1735,2024-10-02,70.74
1736,2024-10-03,74.33
1737,2024-10-04,74.93
1738,2024-10-05,74.93
1739,2024-10-06,74.93
1740,2024-10-07,77.76
1741,2024-10-08,74.26
1742,2024-10-09,73.85
1743,2024-10-10,76.46
1744,2024-10-11,76.11
1745,2024-10-12,76.11
1746,2024-10-13,76.11
1747,2024-10-14,76.11
1748,2024-10-15,71.22
1749,2024-10-16,70.97
1750,2024-10-17,71.26
1751,2024-10-18,69.78
1752,2024-10-19,69.78
1753,2024-10-20,69.78
1754,2024-10-21,71.16
1755,2024-10-22,72.84
1756,2024-10-23,71.37
1757,2024-10-24,70.58
1758,2024-10-25,72.02
1759,2024-10-26,72.02
1760,2024-10-27,72.02
1761,2024-10-28,67.65
1762,2024-10-29,67.48
1763,2024-10-30,68.91
1764,2024-10-31,69.58
1765,2024-11-01,69.81
1766,2024-11-02,69.81
1767,2024-11-03,69.81
1768,2024-11-04,71.83
1769,2024-11-05,72.26
1770,2024-11-06,71.98
1771,2024-11-07,72.69
1772,2024-11-08,70.69
1773,2024-11-09,70.69
1774,2024-11-10,70.69
1775,2024-11-11,70.69
1776,2024-11-12,68.43
1777,2024-11-13,68.76
1778,2024-11-14,68.99
1779,2024-11-15,67.33
1780,2024-11-16,67.33
1781,2024-11-17,67.33
1782,2024-11-18,69.46
1783,2024-11-19,69.75
1784,2024-11-20,69.25
1785,2024-11-21,70.39
1786,2024-11-22,71.68
1787,2024-11-23,71.68
1788,2024-11-24,71.68
1789,2024-11-25,69.41
1790,2024-11-26,69.05
1791,2024-11-27,69.03
1792,2024-11-28,69.03
1793,2024-11-29,68.26
1794,2024-11-30,68.26
1795,2024-12-01,68.26
1796,2024-12-02,68.35
1797,2024-12-03,70.15
1798,2024-12-04,68.81
1799,2024-12-05,68.58
1800,2024-12-06,68.58
1801,2024-12-07,68.58
1802,2024-12-08,68.58
1803,2024-12-09,68.65
1804,2024-12-10,68.85
1805,2024-12-11,70.57
1806,2024-12-12,70.25
1807,2024-12-13,71.54
1808,2024-12-14,71.54
1809,2024-12-15,71.54
1810,2024-12-16,71.03
1811,2024-12-17,70.31
1812,2024-12-18,70.8
1813,2024-12-19,70.1
1814,2024-12-20,69.71
1815,2024-12-21,69.71
1816,2024-12-22,69.71
1817,2024-12-23,69.5
1818,2024-12-24,70.87
1819,2024-12-25,70.87
1820,2024-12-26,70.38
1821,2024-12-27,71.28
1822,2024-12-28,71.28
1823,2024-12-29,71.28
1824,2024-12-30,71.73
1825,2024-12-31,72.44
1826,2025-01-01,72.44
1827,2025-01-02,73.79
1828,2025-01-03,74.64
1829,2025-01-04,74.64
1830,2025-01-05,74.64
1831,2025-01-06,74.31
1832,2025-01-07,74.99
1833,2025-01-08,73.99
1834,2025-01-09,73.99
1835,2025-01-10,77.27
1836,2025-01-11,77.27
1837,2025-01-12,77.27
1838,2025-01-13,79.57
1839,2025-01-14,78.2
1840,2025-01-15,80.73
1841,2025-01-16,79.35
1842,2025-01-17,78.56
1843,2025-01-18,78.56
1844,2025-01-19,78.56
1845,2025-01-20,78.56
1846,2025-01-21,76.79
1847,2025-01-22,76.12
1848,2025-01-23,75.03
1849,2025-01-24,74.97
1850,2025-01-25,74.97
1851,2025-01-26,74.97
1852,2025-01-27,73.51
1853,2025-01-28,74.15
1854,2025-01-29,72.94
1855,2025-01-30,73.1
1856,2025-01-31,72.84
1857,2025-02-01,72.84
1858,2025-02-02,72.84
1859,2025-02-03,73.52
1860,2025-02-04,73.04
1861,2025-02-05,71.39
1862,2025-02-06,70.97
1863,2025-02-07,71.32
1864,2025-02-08,71.32
1865,2025-02-09,71.32
1866,2025-02-10,72.73
1867,2025-02-11,73.67
1868,2025-02-12,71.72
1869,2025-02-13,71.66
1870,2025-02-14,71.05
1871,2025-02-15,71.05
1872,2025-02-16,71.05
1873,2025-02-17,71.05
1874,2025-02-18,72.21
1875,2025-02-19,72.58
1876,2025-02-20,72.88
1877,2025-02-21,70.72
1878,2025-02-22,70.72
1879,2025-02-23,70.72
1880,2025-02-24,71.06
1881,2025-02-25,69.15
1882,2025-02-26,68.87
1883,2025-02-27,70.62
1884,2025-02-28,69.97
1885,2025-03-01,69.97
1886,2025-03-02,69.97
1887,2025-03-03,68.63
1888,2025-03-04,68.47
1889,2025-03-05,66.58
1890,2025-03-06,66.62
1891,2025-03-07,67.29
1892,2025-03-08,67.29
1893,2025-03-09,67.29
1894,2025-03-10,66.31
1895,2025-03-11,66.52
1896,2025-03-12,67.65
1897,2025-03-13,66.82
1898,2025-03-14,67.43
1899,2025-03-15,67.43
1900,2025-03-16,67.43
1901,2025-03-17,67.84
1902,2025-03-18,67.49
1903,2025-03-19,67.4
1904,2025-03-20,68.55
1905,2025-03-21,68.52
1906,2025-03-22,68.52
1907,2025-03-23,68.52
1908,2025-03-24,69.46
1909,2025-03-25,69.48
1910,2025-03-26,70.05
1911,2025-03-27,70.3
1912,2025-03-28,69.74
1913,2025-03-29,69.74
1914,2025-03-30,69.74
1915,2025-03-31,71.87
1916,2025-04-01,71.61
1917,2025-04-02,72.12
1918,2025-04-03,67.43
1919,2025-04-04,62.42
1920,2025-04-05,62.42
1921,2025-04-06,62.42
1922,2025-04-07,61.05
1923,2025-04-08,60.04
1924,2025-04-09,62.63
1925,2025-04-10,60.57
1926,2025-04-11,61.91
1927,2025-04-12,61.91
1928,2025-04-13,61.91
1929,2025-04-14,61.99
1930,2025-04-15,61.74
1931,2025-04-16,62.88
1932,2025-04-17,65.07
1933,2025-04-18,65.07
1934,2025-04-19,65.07
1935,2025-04-20,65.07
1936,2025-04-21,63.48
1937,2025-04-22,64.6
1938,2025-04-23,62.64
1939,2025-04-24,63.55
1940,2025-04-25,63.85
1941,2025-04-26,63.85
1942,2025-04-27,63.85
1943,2025-04-28,63.3
1944,2025-04-29,61.84
1945,2025-04-30,59.55
1946,2025-05-01,60.59
1947,2025-05-02,59.67
1948,2025-05-03,59.67
1949,2025-05-04,59.67
1950,2025-05-05,58.5
1951,2025-05-06,60.42
1952,2025-05-07,59.42
1953,2025-05-08,61.25
1954,2025-05-09,62.37
1955,2025-05-10,62.37
1956,2025-05-11,62.37
1957,2025-05-12,63.32
1958,2025-05-13,65.04
1959,2025-05-14,64.48
1960,2025-05-15,63.03
1961,2025-05-16,63.84
1962,2025-05-17,63.84
1963,2025-05-18,63.84
1964,2025-05-19,63.98
1965,2025-05-20,63.97
1966,2025-05-21,62.93
1967,2025-05-22,62.55
1968,2025-05-23,62.89
1969,2025-05-24,62.89
1970,2025-05-25,62.89
1971,2025-05-26,62.89
1972,2025-05-27,61.61
1973,2025-05-28,62.54
1974,2025-05-29,61.66
1975,2025-05-30,61.46
1976,2025-05-31,61.46
1977,2025-06-01,61.46
1978,2025-06-02,63.27
1979,2025-06-03,64.1
1980,2025-06-04,63.57
1981,2025-06-05,64.06
1982,2025-06-06,65.3
1983,2025-06-07,65.3
1984,2025-06-08,65.3
1985,2025-06-09,65.99
1986,2025-06-10,65.66
1987,2025-06-11,68.91
1988,2025-06-12,68.73
1989,2025-06-13,73.84
1990,2025-06-14,73.84
1991,2025-06-15,73.84
1992,2025-06-16,72.53
1993,2025-06-17,75.62
1994,2025-06-18,75.89
1995,2025-06-19,75.89
1996,2025-06-20,75.72
1997,2025-06-21,75.72
1998,2025-06-22,75.72
1999,2025-06-23,69.36
2000,2025-06-24,65.45
2001,2025-06-25,65.98
2002,2025-06-26,66.44
2003,2025-06-27,66.66
2004,2025-06-28,66.66
2005,2025-06-29,66.66
2006,2025-06-30,66.3
2007,2025-07-01,66.64
2008,2025-07-02,68.66
2009,2025-07-03,68.13
2010,2025-07-04,68.13
2011,2025-07-05,68.13
2012,2025-07-06,68.13
2013,2025-07-07,69.16
2014,2025-07-08,69.55
2015,2025-07-09,69.61
2016,2025-07-10,67.78
2017,2025-07-11,69.63
2018,2025-07-12,69.63
2019,2025-07-13,69.63
2020,2025-07-14,68.19
2021,2025-07-15,67.76
2022,2025-07-16,67.13
2023,2025-07-17,68.76
2024,2025-07-18,68.53
2025,2025-07-19,68.53
2026,2025-07-20,68.53
2027,2025-07-21,68.39
2028,2025-07-22,67.56
2029,2025-07-23,66.05
2030,2025-07-24,67.16
2031,2025-07-25,66.38
2032,2025-07-26,66.38
2033,2025-07-27,66.38
2034,2025-07-28,67.81
2035,2025-07-29,70.27
2036,2025-07-30,71.09
2037,2025-07-31,70.36
2038,2025-08-01,68.39
2039,2025-08-02,68.39
2040,2025-08-03,68.39
2041,2025-08-04,67.33
2042,2025-08-05,66.2
2043,2025-08-06,65.38
2044,2025-08-07,64.9
2045,2025-08-08,64.94
2046,2025-08-09,64.94
2047,2025-08-10,64.94
2048,2025-08-11,65.03
2049,2025-08-12,64.22
2050,2025-08-13,63.68
2051,2025-08-14,64.99
2052,2025-08-15,63.78
2053,2025-08-16,63.78
2054,2025-08-17,63.78
2055,2025-08-18,64.51
2056,2025-08-19,63.38
2057,2025-08-20,64.19
2058,2025-08-21,64.56
2059,2025-08-22,64.08
2060,2025-08-23,64.08
2061,2025-08-24,64.08
2062,2025-08-25,65.18
2063,2025-08-26,63.6
2064,2025-08-27,64.49
2065,2025-08-28,64.96
2066,2025-08-29,64.36
2067,2025-08-30,64.36
2068,2025-08-31,64.36
2069,2025-09-01,64.36
2070,2025-09-02,65.95
2071,2025-09-03,64.36
2072,2025-09-04,63.81
2073,2025-09-05,62.22
2074,2025-09-06,62.22
2075,2025-09-07,62.22
2076,2025-09-08,62.6
2077,2025-09-09,62.97
2078,2025-09-10,64.01
2079,2025-09-11,62.71
2080,2025-09-12,63.02
2081,2025-09-13,63.02
2082,2025-09-14,63.02
2083,2025-09-15,63.66
2084,2025-09-16,64.89
2085,2025-09-17,64.41
2086,2025-09-18,63.91
2087,2025-09-19,63.02
2088,2025-09-20,63.02
2089,2025-09-21,63.02
2090,2025-09-22,62.99
2091,2025-09-23,63.76
2092,2025-09-24,65.4
2093,2025-09-25,65.51
2094,2025-09-26,66.5
2095,2025-09-27,66.5
2096,2025-09-28,66.5
2097,2025-09-29,64.27
2098,2025-09-30,63.17
2099,2025-10-01,62.59
2100,2025-10-02,61.28
2101,2025-10-03,61.65
2102,2025-10-04,61.65
2103,2025-10-05,61.65
2104,2025-10-06,62.49
2105,2025-10-07,62.52
2106,2025-10-08,63.37
2107,2025-10-09,62.36
2108,2025-10-10,59.75
2109,2025-10-11,59.75
2110,2025-10-12,59.75
2111,2025-10-13,59.75
2112,2025-10-14,59.52
2113,2025-10-15,59.08
2114,2025-10-16,58.29
2115,2025-10-17,58.3
2116,2025-10-18,58.3
2117,2025-10-19,58.3
2118,2025-10-20,58.34
2119,2025-10-21,58.66
2120,2025-10-22,59.3
2121,2025-10-23,62.44
2122,2025-10-24,62.27
2123,2025-10-25,62.27
2124,2025-10-26,62.27
2125,2025-10-27,62.13
2126,2025-10-28,60.97
2127,2025-10-29,61.26
2128,2025-10-30,61.36
2129,2025-10-31,61.75
2130,2025-11-01,61.75
2131,2025-11-02,61.75
2132,2025-11-03,61.79
2133,2025-11-04,61.38
2134,2025-11-05,60.4
2135,2025-11-06,60.24
2136,2025-11-07,60.54
2137,2025-11-08,60.54
2138,2025-11-09,60.54
2139,2025-11-10,60.94
2140,2025-11-11,60.94
2141,2025-11-12,59.3
2142,2025-11-13,59.54
2143,2025-11-14,60.87
2144,2025-11-15,60.87
2145,2025-11-16,60.87
2146,2025-11-17,60.66
2147,2025-11-18,61.51
2148,2025-11-19,60.27
2149,2025-11-20,60.07
2150,2025-11-21,58.86
2151,2025-11-22,58.86
2152,2025-11-23,58.86
2153,2025-11-24,59.11
2154,2025-11-25,58.25
2155,2025-11-26,58.81
2156,2025-11-27,58.81
2157,2025-11-28,58.58
2158,2025-11-29,58.58
2159,2025-11-30,58.58
2160,2025-12-01,59.47
2161,2025-12-02,58.81
2162,2025-12-03,59.09
2163,2025-12-04,59.82
2164,2025-12-05,60.23
2165,2025-12-06,60.23
2166,2025-12-07,60.23
2167,2025-12-08,59.04
2168,2025-12-09,58.4
2169,2025-12-10,58.67
2170,2025-12-11,57.76
2171,2025-12-12,57.61
2172,2025-12-13,57.61
2173,2025-12-14,57.61
2174,2025-12-15,56.97
2175,2025-12-16,55.44
2176,2025-12-17,56.07
2177,2025-12-18,56.22
2178,2025-12-19,56.8
2179,2025-12-20,56.8
2180,2025-12-21,56.8
2181,2025-12-22,58.18
2182,2025-12-23,58.55
2183,2025-12-24,58.72
2184,2025-12-25,58.72
2185,2025-12-26,56.6
2186,2025-12-27,56.6
2187,2025-12-28,56.6
2188,2025-12-29,57.89
2189,2025-12-30,57.79
2190,2025-12-31,57.26
2191,2026-01-01,57.26
2192,2026-01-02,57.21
2193,2026-01-03,57.21
2194,2026-01-04,57.21
2195,2026-01-05,58.1
2196,2026-01-06,56.97
2197,2026-01-07,56.01
2198,2026-01-08,57.74
2199,2026-01-09,58.96
2200,2026-01-10,58.96
2201,2026-01-11,58.96
2202,2026-01-12,59.39
2203,2026-01-13,60.85
2204,2026-01-14,61.84
2205,2026-01-15,59.13
2206,2026-01-16,59.4
2207,2026-01-17,59.4
2208,2026-01-18,59.4
2209,2026-01-19,59.4
2210,2026-01-20,60.3
