,country,code,year,illiteracy_rate,literacy_rate,invalid_literacy_flag,literacy_rate_outlier_flag,illiteracy_rate_outlier_flag,illiteracy_rate_norm,illiteracy_burden_index
2,Afghanistan,AFG,2011,69.0,31.0,False,True,True,0.7752808988764045,0.7752808988764045
3,Afghanistan,AFG,2015,66.246155,33.75384,False,True,True,0.7443388202247191,0.7443388202247191
4,Afghanistan,AFG,2021,63.0,37.0,False,True,True,0.7078651685393258,0.7078651685393258
6,Albania,ALB,2001,1.0,99.0,False,False,False,0.011235955056179775,0.011235955056179775
7,Albania,ALB,2008,4.0,96.0,False,False,False,0.0449438202247191,0.0449438202247191
8,Albania,ALB,2011,3.0,97.0,False,False,False,0.033707865168539325,0.033707865168539325
9,Albania,ALB,2012,3.0,97.0,False,False,False,0.033707865168539325,0.033707865168539325
10,Albania,ALB,2017,1.1837692,98.81623,False,False,False,0.013300777528089888,0.013300777528089888
13,Algeria,DZA,2002,30.0,70.0,False,False,False,0.33707865168539325,0.33707865168539325
14,Algeria,DZA,2006,27.0,73.0,False,False,False,0.3033707865168539,0.3033707865168539
15,Algeria,DZA,2008,25.0,75.0,False,False,False,0.2808988764044944,0.2808988764044944
20,Angola,AGO,2001,33.0,67.0,False,False,False,0.3707865168539326,0.3707865168539326
21,Angola,AGO,2014,34.0,66.0,False,False,False,0.38202247191011235,0.38202247191011235
22,Angola,AGO,2015,33.764137,66.23586,False,False,False,0.3793723258426966,0.3793723258426966
25,Antigua and Barbuda,ATG,2001,1.0,99.0,False,False,False,0.011235955056179775,0.011235955056179775
30,Argentina,ARG,1991,4.0,96.0,False,False,False,0.0449438202247191,0.0449438202247191
31,Argentina,ARG,2001,3.0,97.0,False,False,False,0.033707865168539325,0.033707865168539325
33,Armenia,ARM,2001,1.0,99.0,False,False,False,0.011235955056179775,0.011235955056179775
34,Armenia,ARM,2011,0.0,100.0,False,False,False,0.0,0.0
35,Armenia,ARM,2016,0.0,100.0,False,False,False,0.0,0.0
36,Armenia,ARM,2017,0.0,100.0,False,False,False,0.0,0.0
37,Armenia,ARM,2020,0.0,100.0,False,False,False,0.0,0.0
38,Armenia,ARM,2022,0.17500305,99.825,False,False,False,0.001966326404494382,0.001966326404494382
39,Aruba,ABW,2000,3.0,97.0,False,False,False,0.033707865168539325,0.033707865168539325
40,Aruba,ABW,2010,3.0,97.0,False,False,False,0.033707865168539325,0.033707865168539325
43,Azerbaijan,AZE,1999,1.0,99.0,False,False,False,0.011235955056179775,0.011235955056179775
44,Azerbaijan,AZE,2007,0.0,100.0,False,False,False,0.0,0.0
45,Azerbaijan,AZE,2009,0.0,100.0,False,False,False,0.0,0.0
46,Azerbaijan,AZE,2010,0.0,100.0,False,False,False,0.0,0.0
47,Azerbaijan,AZE,2011,0.0,100.0,False,False,False,0.0,0.0
48,Azerbaijan,AZE,2012,0.0,100.0,False,False,False,0.0,0.0
49,Azerbaijan,AZE,2013,0.0,100.0,False,False,False,0.0,0.0
50,Azerbaijan,AZE,2014,0.0,100.0,False,False,False,0.0,0.0
51,Azerbaijan,AZE,2015,0.0,100.0,False,False,False,0.0,0.0
52,Azerbaijan,AZE,2016,0.0,100.0,False,False,False,0.0,0.0
53,Azerbaijan,AZE,2017,0.0,100.0,False,False,False,0.0,0.0
54,Azerbaijan,AZE,2019,0.0,100.0,False,False,False,0.0,0.0
55,Azerbaijan,AZE,2023,0.0,100.0,False,False,False,0.0,0.0
59,Bahrain,BHR,1991,16.0,84.0,False,False,False,0.1797752808988764,0.1797752808988764
60,Bahrain,BHR,2001,13.0,87.0,False,False,False,0.14606741573033707,0.14606741573033707
61,Bahrain,BHR,2022,2.0,98.0,False,False,False,0.02247191011235955,0.02247191011235955
62,Bahrain,BHR,2023,2.0,98.0,False,False,False,0.02247191011235955,0.02247191011235955
64,Bangladesh,BGD,1991,65.0,35.0,False,True,True,0.7303370786516854,0.7303370786516854
65,Bangladesh,BGD,2001,53.0,47.0,False,False,False,0.5955056179775281,0.5955056179775281
66,Bangladesh,BGD,2011,41.0,59.0,False,False,False,0.4606741573033708,0.4606741573033708
67,Bangladesh,BGD,2012,42.0,58.0,False,False,False,0.47191011235955055,0.47191011235955055
68,Bangladesh,BGD,2013,39.0,61.0,False,False,False,0.4382022471910112,0.4382022471910112
69,Bangladesh,BGD,2014,39.0,61.0,False,False,False,0.4382022471910112,0.4382022471910112
70,Bangladesh,BGD,2015,35.0,65.0,False,False,False,0.3932584269662921,0.3932584269662921
71,Bangladesh,BGD,2016,27.0,73.0,False,False,False,0.3033707865168539,0.3033707865168539
72,Bangladesh,BGD,2017,27.0,73.0,False,False,False,0.3033707865168539,0.3033707865168539
73,Bangladesh,BGD,2018,26.0,74.0,False,False,False,0.29213483146067415,0.29213483146067415
74,Bangladesh,BGD,2019,25.0,75.0,False,False,False,0.2808988764044944,0.2808988764044944
75,Bangladesh,BGD,2020,25.0,75.0,False,False,False,0.2808988764044944,0.2808988764044944
76,Bangladesh,BGD,2021,24.0,76.0,False,False,False,0.2696629213483146,0.2696629213483146
77,Bangladesh,BGD,2022,21.0,79.0,False,False,False,0.23595505617977527,0.23595505617977527
81,Belarus,BLR,1999,0.0,100.0,False,False,False,0.0,0.0
82,Belarus,BLR,2009,0.0,100.0,False,False,False,0.0,0.0
83,Belarus,BLR,2019,0.0,100.0,False,False,False,0.0,0.0
94,Belize,BLZ,1991,30.0,70.0,False,False,False,0.33707865168539325,0.33707865168539325
95,Belize,BLZ,2015,9.0839615,90.91604,False,False,False,0.10206698314606741,0.10206698314606741
97,Benin,BEN,1992,73.0,27.0,False,True,True,0.8202247191011236,0.8202247191011236
98,Benin,BEN,2002,65.0,35.0,False,True,True,0.7303370786516854,0.7303370786516854
99,Benin,BEN,2017,61.12879,38.87121,False,False,False,0.6868403370786517,0.6868403370786517
100,Benin,BEN,2019,51.00172,48.99828,False,False,False,0.5730530337078651,0.5730530337078651
101,Benin,BEN,2021,56.16583,43.83417,False,False,False,0.6310767415730337,0.6310767415730337
102,Benin,BEN,2022,48.62123,51.37877,False,False,False,0.5463059550561797,0.5463059550561797
105,Bhutan,BTN,2005,47.0,53.0,False,False,False,0.5280898876404494,0.5280898876404494
106,Bhutan,BTN,2012,45.0,55.0,False,False,False,0.5056179775280899,0.5056179775280899
107,Bhutan,BTN,2017,33.0,67.0,False,False,False,0.3707865168539326,0.3707865168539326
110,Bolivia,BOL,1992,20.0,80.0,False,False,False,0.2247191011235955,0.2247191011235955
111,Bolivia,BOL,2001,13.0,87.0,False,False,False,0.14606741573033707,0.14606741573033707
112,Bolivia,BOL,2007,9.0,91.0,False,False,False,0.10112359550561797,0.10112359550561797
113,Bolivia,BOL,2008,9.0,91.0,False,False,False,0.10112359550561797,0.10112359550561797
114,Bolivia,BOL,2009,9.0,91.0,False,False,False,0.10112359550561797,0.10112359550561797
115,Bolivia,BOL,2011,8.0,92.0,False,False,False,0.0898876404494382,0.0898876404494382
116,Bolivia,BOL,2012,6.0,94.0,False,False,False,0.06741573033707865,0.06741573033707865
117,Bolivia,BOL,2015,8.0,92.0,False,False,False,0.0898876404494382,0.0898876404494382
118,Bolivia,BOL,2020,6.0,94.0,False,False,False,0.06741573033707865,0.06741573033707865
119,Bosnia and Herzegovina,BIH,1991,11.0,89.0,False,False,False,0.12359550561797752,0.12359550561797752
120,Bosnia and Herzegovina,BIH,2000,3.0,97.0,False,False,False,0.033707865168539325,0.033707865168539325
121,Bosnia and Herzegovina,BIH,2013,3.0,97.0,False,False,False,0.033707865168539325,0.033707865168539325
123,Botswana,BWA,1991,31.0,69.0,False,False,False,0.348314606741573,0.348314606741573
124,Botswana,BWA,2003,19.0,81.0,False,False,False,0.21348314606741572,0.21348314606741572
130,Brazil,BRA,2000,14.0,86.0,False,False,False,0.15730337078651685,0.15730337078651685
131,Brazil,BRA,2004,11.0,89.0,False,False,False,0.12359550561797752,0.12359550561797752
132,Brazil,BRA,2006,10.0,90.0,False,False,False,0.11235955056179775,0.11235955056179775
133,Brazil,BRA,2007,10.0,90.0,False,False,False,0.11235955056179775,0.11235955056179775
134,Brazil,BRA,2008,10.0,90.0,False,False,False,0.11235955056179775,0.11235955056179775
135,Brazil,BRA,2009,10.0,90.0,False,False,False,0.11235955056179775,0.11235955056179775
136,Brazil,BRA,2010,10.0,90.0,False,False,False,0.11235955056179775,0.11235955056179775
137,Brazil,BRA,2011,9.0,91.0,False,False,False,0.10112359550561797,0.10112359550561797
138,Brazil,BRA,2012,9.0,91.0,False,False,False,0.10112359550561797,0.10112359550561797
139,Brazil,BRA,2013,9.0,91.0,False,False,False,0.10112359550561797,0.10112359550561797
140,Brazil,BRA,2014,8.0,92.0,False,False,False,0.0898876404494382,0.0898876404494382
141,Brazil,BRA,2015,8.0,92.0,False,False,False,0.0898876404494382,0.0898876404494382
142,Brazil,BRA,2016,7.0,93.0,False,False,False,0.07865168539325842,0.07865168539325842
143,Brazil,BRA,2017,7.0,93.0,False,False,False,0.07865168539325842,0.07865168539325842
144,Brazil,BRA,2018,7.0,93.0,False,False,False,0.07865168539325842,0.07865168539325842
147,Brunei,BRN,1991,12.0,88.0,False,False,False,0.1348314606741573,0.1348314606741573
148,Brunei,BRN,2001,7.0,93.0,False,False,False,0.07865168539325842,0.07865168539325842
149,Brunei,BRN,2011,4.0,96.0,False,False,False,0.0449438202247191,0.0449438202247191
157,Bulgaria,BGR,2001,2.0,98.0,False,False,False,0.02247191011235955,0.02247191011235955
158,Bulgaria,BGR,2011,2.0,98.0,False,False,False,0.02247191011235955,0.02247191011235955
160,Burkina Faso,BFA,1991,86.0,14.0,False,True,True,0.9662921348314606,0.9662921348314606
161,Burkina Faso,BFA,1996,87.0,13.0,False,True,True,0.9775280898876404,0.9775280898876404
162,Burkina Faso,BFA,2003,78.0,22.0,False,True,True,0.8764044943820224,0.8764044943820224
163,Burkina Faso,BFA,2005,76.0,24.0,False,True,True,0.8539325842696629,0.8539325842696629
164,Burkina Faso,BFA,2006,78.0,22.0,False,True,True,0.8764044943820224,0.8764044943820224
165,Burkina Faso,BFA,2007,72.0,28.0,False,True,True,0.8089887640449438,0.8089887640449438
166,Burkina Faso,BFA,2014,65.0,35.0,False,True,True,0.7303370786516854,0.7303370786516854
167,Burkina Faso,BFA,2018,61.0,39.0,False,False,False,0.6853932584269663,0.6853932584269663
168,Burkina Faso,BFA,2019,70.0,30.0,False,True,True,0.7865168539325842,0.7865168539325842
169,Burkina Faso,BFA,2021,63.03262,36.96738,False,True,True,0.7082316853932584,0.7082316853932584
170,Burkina Faso,BFA,2022,59.07639,40.92361,False,False,False,0.6637796629213484,0.6637796629213484
172,Burundi,BDI,1990,63.0,37.0,False,True,True,0.7078651685393258,0.7078651685393258
173,Burundi,BDI,2000,41.0,59.0,False,False,False,0.4606741573033708,0.4606741573033708
174,Burundi,BDI,2008,52.0,48.0,False,False,False,0.5842696629213483,0.5842696629213483
175,Burundi,BDI,2014,38.0,62.0,False,False,False,0.42696629213483145,0.42696629213483145
176,Burundi,BDI,2016,34.312263,65.68774,False,False,False,0.38553104494382023,0.38553104494382023
177,Burundi,BDI,2017,32.0,68.0,False,False,False,0.3595505617977528,0.3595505617977528
179,Cambodia,KHM,1998,33.0,67.0,False,False,False,0.3707865168539326,0.3707865168539326
180,Cambodia,KHM,2004,26.0,74.0,False,False,False,0.29213483146067415,0.29213483146067415
181,Cambodia,KHM,2008,23.0,77.0,False,False,False,0.2584269662921348,0.2584269662921348
182,Cambodia,KHM,2009,24.0,76.0,False,False,False,0.2696629213483146,0.2696629213483146
183,Cambodia,KHM,2014,22.0,78.0,False,False,False,0.24719101123595505,0.24719101123595505
184,Cambodia,KHM,2015,19.0,81.0,False,False,False,0.21348314606741572,0.21348314606741572
185,Cambodia,KHM,2021,28.072746,71.92725,False,False,False,0.31542411235955053,0.31542411235955053
188,Cameroon,CMR,2000,32.0,68.0,False,False,False,0.3595505617977528,0.3595505617977528
189,Cameroon,CMR,2007,29.0,71.0,False,False,False,0.3258426966292135,0.3258426966292135
190,Cameroon,CMR,2010,29.0,71.0,False,False,False,0.3258426966292135,0.3258426966292135
191,Cameroon,CMR,2018,27.452873,72.54713,False,False,False,0.30845924719101125,0.30845924719101125
198,Cape Verde,CPV,1990,37.0,63.0,False,False,False,0.4157303370786517,0.4157303370786517
199,Cape Verde,CPV,2012,15.0,85.0,False,False,False,0.16853932584269662,0.16853932584269662
200,Cape Verde,CPV,2015,13.0,87.0,False,False,False,0.14606741573033707,0.14606741573033707
201,Cayman Islands,CYM,2007,1.0,99.0,False,False,False,0.011235955056179775,0.011235955056179775
205,Central African Republic,CAF,2000,49.0,51.0,False,False,False,0.550561797752809,0.550561797752809
206,Central African Republic,CAF,2019,57.55721,42.44279,False,False,False,0.6467102247191011,0.6467102247191011
256,Chad,TCD,1993,89.0,11.0,False,True,True,1.0,1.0
257,Chad,TCD,2000,74.0,26.0,False,True,True,0.8314606741573034,0.8314606741573034
258,Chad,TCD,2004,72.0,28.0,False,True,True,0.8089887640449438,0.8089887640449438
259,Chad,TCD,2016,78.0,22.0,False,True,True,0.8764044943820224,0.8764044943820224
260,Chad,TCD,2019,69.37208,30.62792,False,True,True,0.7794615730337078,0.7794615730337078
268,Chile,CHL,1992,6.0,94.0,False,False,False,0.06741573033707865,0.06741573033707865
269,Chile,CHL,2002,4.0,96.0,False,False,False,0.0449438202247191,0.0449438202247191
270,Chile,CHL,2011,3.0,97.0,False,False,False,0.033707865168539325,0.033707865168539325
271,Chile,CHL,2013,4.0,96.0,False,False,False,0.0449438202247191,0.0449438202247191
272,Chile,CHL,2015,3.0,97.0,False,False,False,0.033707865168539325,0.033707865168539325
273,Chile,CHL,2017,4.0,96.0,False,False,False,0.0449438202247191,0.0449438202247191
276,China,CHN,1990,22.0,78.0,False,False,False,0.24719101123595505,0.24719101123595505
277,China,CHN,2000,9.0,91.0,False,False,False,0.10112359550561797,0.10112359550561797
278,China,CHN,2010,5.0,95.0,False,False,False,0.056179775280898875,0.056179775280898875
279,China,CHN,2020,3.0,97.0,False,False,False,0.033707865168539325,0.033707865168539325
285,Colombia,COL,1993,9.0,91.0,False,False,False,0.10112359550561797,0.10112359550561797
286,Colombia,COL,1996,9.0,91.0,False,False,False,0.10112359550561797,0.10112359550561797
287,Colombia,COL,2004,7.0,93.0,False,False,False,0.07865168539325842,0.07865168539325842
288,Colombia,COL,2005,7.0,93.0,False,False,False,0.07865168539325842,0.07865168539325842
289,Colombia,COL,2006,8.0,92.0,False,False,False,0.0898876404494382,0.0898876404494382
290,Colombia,COL,2007,7.0,93.0,False,False,False,0.07865168539325842,0.07865168539325842
291,Colombia,COL,2008,7.0,93.0,False,False,False,0.07865168539325842,0.07865168539325842
292,Colombia,COL,2009,7.0,93.0,False,False,False,0.07865168539325842,0.07865168539325842
293,Colombia,COL,2010,7.0,93.0,False,False,False,0.07865168539325842,0.07865168539325842
294,Colombia,COL,2011,6.0,94.0,False,False,False,0.06741573033707865,0.06741573033707865
295,Colombia,COL,2014,6.0,94.0,False,False,False,0.06741573033707865,0.06741573033707865
296,Colombia,COL,2015,6.0,94.0,False,False,False,0.06741573033707865,0.06741573033707865
297,Colombia,COL,2016,5.0,95.0,False,False,False,0.056179775280898875,0.056179775280898875
298,Colombia,COL,2018,5.0,95.0,False,False,False,0.056179775280898875,0.056179775280898875
299,Colombia,COL,2019,5.0,95.0,False,False,False,0.056179775280898875,0.056179775280898875
300,Colombia,COL,2020,4.0,96.0,False,False,False,0.0449438202247191,0.0449438202247191
303,Comoros,COM,2000,32.0,68.0,False,False,False,0.3595505617977528,0.3595505617977528
305,Congo,COG,2005,24.0,76.0,False,False,False,0.2696629213483146,0.2696629213483146
309,Costa Rica,CRI,2000,5.0,95.0,False,False,False,0.056179775280898875,0.056179775280898875
310,Costa Rica,CRI,2011,3.0,97.0,False,False,False,0.033707865168539325,0.033707865168539325
312,Cote d'Ivoire,CIV,1998,64.0,36.0,False,True,True,0.7191011235955056,0.7191011235955056
313,Cote d'Ivoire,CIV,2000,51.0,49.0,False,False,False,0.5730337078651685,0.5730337078651685
314,Cote d'Ivoire,CIV,2014,56.0,44.0,False,False,False,0.6292134831460674,0.6292134831460674
315,Cote d'Ivoire,CIV,2016,49.96032,50.03968,False,False,False,0.5613519101123595,0.5613519101123595
316,Cote d'Ivoire,CIV,2021,49.99936,50.00064,False,False,False,0.5617905617977528,0.5617905617977528
317,Croatia,HRV,1991,3.0,97.0,False,False,False,0.033707865168539325,0.033707865168539325
318,Croatia,HRV,2001,2.0,98.0,False,False,False,0.02247191011235955,0.02247191011235955
326,Cuba,CUB,2002,0.0,100.0,False,False,False,0.0,0.0
327,Cuba,CUB,2012,0.0,100.0,False,False,False,0.0,0.0
328,Cuba,CUB,2019,2.3450928,97.65491,False,False,False,0.026349357303370787,0.026349357303370787
330,Cyprus,CYP,1992,6.0,94.0,False,False,False,0.06741573033707865,0.06741573033707865
331,Cyprus,CYP,2001,3.0,97.0,False,False,False,0.033707865168539325,0.033707865168539325
332,Cyprus,CYP,2011,1.0,99.0,False,False,False,0.011235955056179775,0.011235955056179775
335,Democratic Republic of Congo,COD,2001,33.0,67.0,False,False,False,0.3707865168539326,0.3707865168539326
336,Democratic Republic of Congo,COD,2012,25.0,75.0,False,False,False,0.2808988764044944,0.2808988764044944
337,Democratic Republic of Congo,COD,2016,23.0,77.0,False,False,False,0.2584269662921348,0.2584269662921348
338,Democratic Republic of Congo,COD,2018,26.446968,73.55303,False,False,False,0.2971569438202247,0.2971569438202247
343,Dominican Republic,DOM,2002,13.0,87.0,False,False,False,0.14606741573033707,0.14606741573033707
344,Dominican Republic,DOM,2007,12.0,88.0,False,False,False,0.1348314606741573,0.1348314606741573
345,Dominican Republic,DOM,2010,10.0,90.0,False,False,False,0.11235955056179775,0.11235955056179775
346,Dominican Republic,DOM,2011,10.0,90.0,False,False,False,0.11235955056179775,0.11235955056179775
347,Dominican Republic,DOM,2012,10.0,90.0,False,False,False,0.11235955056179775,0.11235955056179775
348,Dominican Republic,DOM,2013,9.0,91.0,False,False,False,0.10112359550561797,0.10112359550561797
349,Dominican Republic,DOM,2014,8.0,92.0,False,False,False,0.0898876404494382,0.0898876404494382
350,Dominican Republic,DOM,2015,8.0,92.0,False,False,False,0.0898876404494382,0.0898876404494382
351,Dominican Republic,DOM,2016,6.0,94.0,False,False,False,0.06741573033707865,0.06741573033707865
401,East Timor,TLS,2001,62.0,38.0,False,False,False,0.696629213483146,0.696629213483146
402,East Timor,TLS,2007,49.0,51.0,False,False,False,0.550561797752809,0.550561797752809
403,East Timor,TLS,2010,42.0,58.0,False,False,False,0.47191011235955055,0.47191011235955055
404,East Timor,TLS,2016,34.22087,65.77913,False,False,False,0.38450415730337073,0.38450415730337073
455,Ecuador,ECU,1990,12.0,88.0,False,False,False,0.1348314606741573,0.1348314606741573
456,Ecuador,ECU,2001,9.0,91.0,False,False,False,0.10112359550561797,0.10112359550561797
457,Ecuador,ECU,2007,8.0,92.0,False,False,False,0.0898876404494382,0.0898876404494382
458,Ecuador,ECU,2008,8.0,92.0,False,False,False,0.0898876404494382,0.0898876404494382
459,Ecuador,ECU,2009,8.0,92.0,False,False,False,0.0898876404494382,0.0898876404494382
460,Ecuador,ECU,2010,8.0,92.0,False,False,False,0.0898876404494382,0.0898876404494382
461,Ecuador,ECU,2011,8.0,92.0,False,False,False,0.0898876404494382,0.0898876404494382
462,Ecuador,ECU,2012,8.0,92.0,False,False,False,0.0898876404494382,0.0898876404494382
463,Ecuador,ECU,2013,7.0,93.0,False,False,False,0.07865168539325842,0.07865168539325842
464,Ecuador,ECU,2014,6.0,94.0,False,False,False,0.06741573033707865,0.06741573033707865
465,Ecuador,ECU,2015,6.0,94.0,False,False,False,0.06741573033707865,0.06741573033707865
466,Ecuador,ECU,2016,6.0,94.0,False,False,False,0.06741573033707865,0.06741573033707865
467,Ecuador,ECU,2017,7.0,93.0,False,False,False,0.07865168539325842,0.07865168539325842
468,Ecuador,ECU,2020,6.0,94.0,False,False,False,0.06741573033707865,0.06741573033707865
469,Ecuador,ECU,2021,6.0,94.0,False,False,False,0.06741573033707865,0.06741573033707865
470,Ecuador,ECU,2022,6.0,94.0,False,False,False,0.06741573033707865,0.06741573033707865
478,Egypt,EGY,1996,44.0,56.0,False,False,False,0.4943820224719101,0.4943820224719101
479,Egypt,EGY,2005,33.0,67.0,False,False,False,0.3707865168539326,0.3707865168539326
480,Egypt,EGY,2006,34.0,66.0,False,False,False,0.38202247191011235,0.38202247191011235
481,Egypt,EGY,2010,28.0,72.0,False,False,False,0.3146067415730337,0.3146067415730337
482,Egypt,EGY,2012,26.0,74.0,False,False,False,0.29213483146067415,0.29213483146067415
483,Egypt,EGY,2013,28.0,72.0,False,False,False,0.3146067415730337,0.3146067415730337
484,Egypt,EGY,2017,29.0,71.0,False,False,False,0.3258426966292135,0.3258426966292135
486,El Salvador,SLV,1992,26.0,74.0,False,False,False,0.29213483146067415,0.29213483146067415
487,El Salvador,SLV,2006,16.0,84.0,False,False,False,0.1797752808988764,0.1797752808988764
488,El Salvador,SLV,2007,18.0,82.0,False,False,False,0.20224719101123595,0.20224719101123595
489,El Salvador,SLV,2008,16.0,84.0,False,False,False,0.1797752808988764,0.1797752808988764
490,El Salvador,SLV,2009,16.0,84.0,False,False,False,0.1797752808988764,0.1797752808988764
491,El Salvador,SLV,2010,16.0,84.0,False,False,False,0.1797752808988764,0.1797752808988764
492,El Salvador,SLV,2011,15.0,85.0,False,False,False,0.16853932584269662,0.16853932584269662
493,El Salvador,SLV,2013,13.0,87.0,False,False,False,0.14606741573033707,0.14606741573033707
494,El Salvador,SLV,2015,12.0,88.0,False,False,False,0.1348314606741573,0.1348314606741573
495,El Salvador,SLV,2016,12.0,88.0,False,False,False,0.1348314606741573,0.1348314606741573
496,El Salvador,SLV,2017,12.0,88.0,False,False,False,0.1348314606741573,0.1348314606741573
497,El Salvador,SLV,2018,11.0,89.0,False,False,False,0.12359550561797752,0.12359550561797752
498,El Salvador,SLV,2019,11.0,89.0,False,False,False,0.12359550561797752,0.12359550561797752
499,El Salvador,SLV,2020,10.0,90.0,False,False,False,0.11235955056179775,0.11235955056179775
500,El Salvador,SLV,2023,10.0,90.0,False,False,False,0.11235955056179775,0.11235955056179775
502,Equatorial Guinea,GNQ,2000,12.0,88.0,False,False,False,0.1348314606741573,0.1348314606741573
504,Eritrea,ERI,2002,47.0,53.0,False,False,False,0.5280898876404494,0.5280898876404494
505,Eritrea,ERI,2008,35.0,65.0,False,False,False,0.3932584269662921,0.3932584269662921
507,Estonia,EST,2000,0.0,100.0,False,False,False,0.0,0.0
508,Estonia,EST,2011,0.0,100.0,False,False,False,0.0,0.0
512,Eswatini,SWZ,2000,18.0,82.0,False,False,False,0.20224719101123595,0.20224719101123595
513,Eswatini,SWZ,2022,9.252983,90.74702,False,False,False,0.10396610112359551,0.10396610112359551
515,Ethiopia,ETH,1994,73.0,27.0,False,True,True,0.8202247191011236,0.8202247191011236
516,Ethiopia,ETH,2004,64.0,36.0,False,True,True,0.7191011235955056,0.7191011235955056
517,Ethiopia,ETH,2007,61.0,39.0,False,False,False,0.6853932584269663,0.6853932584269663
518,Ethiopia,ETH,2016,52.50841,47.49159,False,False,False,0.5899821348314607,0.5899821348314607
582,Gabon,GAB,1993,28.0,72.0,False,False,False,0.3146067415730337,0.3146067415730337
583,Gabon,GAB,2021,11.141663,88.85834,False,False,False,0.12518722471910113,0.12518722471910113
585,Gambia,GMB,2000,63.0,37.0,False,True,True,0.7078651685393258,0.7078651685393258
586,Gambia,GMB,2015,49.0,51.0,False,False,False,0.550561797752809,0.550561797752809
587,Gambia,GMB,2018,46.8398,53.1602,False,False,False,0.5262898876404494,0.5262898876404494
588,Gambia,GMB,2021,48.3626,51.6374,False,False,False,0.5434,0.5434
589,Georgia,GEO,2002,0.0,100.0,False,False,False,0.0,0.0
590,Georgia,GEO,2014,0.0,100.0,False,False,False,0.0,0.0
591,Georgia,GEO,2017,1.0,99.0,False,False,False,0.011235955056179775,0.011235955056179775
592,Georgia,GEO,2018,0.34633636,99.65366,False,False,False,0.003891419775280899,0.003891419775280899
593,Georgia,GEO,2022,0.0,100.0,False,False,False,0.0,0.0
594,Georgia,GEO,2023,0.44452667,99.55547,False,False,False,0.004994681685393259,0.004994681685393259
601,Ghana,GHA,2000,42.0,58.0,False,False,False,0.47191011235955055,0.47191011235955055
602,Ghana,GHA,2010,29.0,71.0,False,False,False,0.3258426966292135,0.3258426966292135
603,Ghana,GHA,2017,35.507607,64.49239,False,False,False,0.3989618764044944,0.3989618764044944
604,Ghana,GHA,2021,23.51432,76.48568,False,False,False,0.2642058426966292,0.2642058426966292
611,Greece,GRC,1991,7.0,93.0,False,False,False,0.07865168539325842,0.07865168539325842
612,Greece,GRC,2001,4.0,96.0,False,False,False,0.0449438202247191,0.0449438202247191
613,Greece,GRC,2009,6.0,94.0,False,False,False,0.06741573033707865,0.06741573033707865
621,Guam,GUM,1990,1.0,99.0,False,False,False,0.011235955056179775,0.011235955056179775
623,Guatemala,GTM,1994,36.0,64.0,False,False,False,0.4044943820224719,0.4044943820224719
624,Guatemala,GTM,2002,31.0,69.0,False,False,False,0.348314606741573,0.348314606741573
625,Guatemala,GTM,2012,22.0,78.0,False,False,False,0.24719101123595505,0.24719101123595505
626,Guatemala,GTM,2013,23.0,77.0,False,False,False,0.2584269662921348,0.2584269662921348
627,Guatemala,GTM,2014,19.0,81.0,False,False,False,0.21348314606741572,0.21348314606741572
628,Guatemala,GTM,2015,19.804909,80.19509,False,False,False,0.2225270674157303,0.2225270674157303
629,Guatemala,GTM,2018,19.0,81.0,False,False,False,0.21348314606741572,0.21348314606741572
630,Guatemala,GTM,2022,16.968826,83.03117,False,False,False,0.19066096629213483,0.19066096629213483
631,Guinea,GIN,1996,79.0,21.0,False,True,True,0.8876404494382022,0.8876404494382022
632,Guinea,GIN,2003,70.0,30.0,False,True,True,0.7865168539325842,0.7865168539325842
633,Guinea,GIN,2010,75.0,25.0,False,True,True,0.8426966292134831,0.8426966292134831
634,Guinea,GIN,2014,68.0,32.0,False,True,True,0.7640449438202247,0.7640449438202247
635,Guinea,GIN,2018,60.0,40.0,False,False,False,0.6741573033707865,0.6741573033707865
638,Guinea-Bissau,GNB,2000,59.0,41.0,False,False,False,0.6629213483146067,0.6629213483146067
639,Guinea-Bissau,GNB,2019,45.11768,54.88232,False,False,False,0.5069402247191012,0.5069402247191012
640,Guinea-Bissau,GNB,2022,36.06587,63.93413,False,False,False,0.4052344943820224,0.4052344943820224
642,Guyana,GUY,2020,14.361649,85.63835,False,False,False,0.1613668426966292,0.1613668426966292
645,Haiti,HTI,2003,41.0,59.0,False,False,False,0.4606741573033708,0.4606741573033708
646,Haiti,HTI,2017,31.990143,68.00986,False,False,False,0.35943980898876404,0.35943980898876404
653,Honduras,HND,2001,20.0,80.0,False,False,False,0.2247191011235955,0.2247191011235955
654,Honduras,HND,2007,16.0,84.0,False,False,False,0.1797752808988764,0.1797752808988764
655,Honduras,HND,2010,15.0,85.0,False,False,False,0.16853932584269662,0.16853932584269662
656,Honduras,HND,2011,15.0,85.0,False,False,False,0.16853932584269662,0.16853932584269662
657,Honduras,HND,2012,15.0,85.0,False,False,False,0.16853932584269662,0.16853932584269662
658,Honduras,HND,2013,15.0,85.0,False,False,False,0.16853932584269662,0.16853932584269662
659,Honduras,HND,2014,13.0,87.0,False,False,False,0.14606741573033707,0.14606741573033707
660,Honduras,HND,2015,12.0,88.0,False,False,False,0.1348314606741573,0.1348314606741573
661,Honduras,HND,2016,11.0,89.0,False,False,False,0.12359550561797752,0.12359550561797752
662,Honduras,HND,2018,13.0,87.0,False,False,False,0.14606741573033707,0.14606741573033707
663,Honduras,HND,2019,11.0,89.0,False,False,False,0.12359550561797752,0.12359550561797752
679,India,IND,1991,52.0,48.0,False,False,False,0.5842696629213483,0.5842696629213483
680,India,IND,2001,39.0,61.0,False,False,False,0.4382022471910112,0.4382022471910112
681,India,IND,2006,37.0,63.0,False,False,False,0.4157303370786517,0.4157303370786517
682,India,IND,2011,31.0,69.0,False,False,False,0.348314606741573,0.348314606741573
683,India,IND,2022,24.0,76.0,False,False,False,0.2696629213483146,0.2696629213483146
684,India,IND,2023,18.0,82.0,False,False,False,0.20224719101123595,0.20224719101123595
687,Indonesia,IDN,1990,18.0,82.0,False,False,False,0.20224719101123595,0.20224719101123595
688,Indonesia,IDN,2004,10.0,90.0,False,False,False,0.11235955056179775,0.11235955056179775
689,Indonesia,IDN,2006,8.0,92.0,False,False,False,0.0898876404494382,0.0898876404494382
690,Indonesia,IDN,2008,8.0,92.0,False,False,False,0.0898876404494382,0.0898876404494382
691,Indonesia,IDN,2009,7.0,93.0,False,False,False,0.07865168539325842,0.07865168539325842
692,Indonesia,IDN,2011,7.0,93.0,False,False,False,0.07865168539325842,0.07865168539325842
693,Indonesia,IDN,2014,5.0,95.0,False,False,False,0.056179775280898875,0.056179775280898875
694,Indonesia,IDN,2015,5.0,95.0,False,False,False,0.056179775280898875,0.056179775280898875
695,Indonesia,IDN,2016,5.0,95.0,False,False,False,0.056179775280898875,0.056179775280898875
696,Indonesia,IDN,2018,4.0,96.0,False,False,False,0.0449438202247191,0.0449438202247191
697,Indonesia,IDN,2020,4.0,96.0,False,False,False,0.0449438202247191,0.0449438202247191
701,Iran,IRN,1991,34.0,66.0,False,False,False,0.38202247191011235,0.38202247191011235
702,Iran,IRN,1996,27.0,73.0,False,False,False,0.3033707865168539,0.3033707865168539
703,Iran,IRN,2002,23.0,77.0,False,False,False,0.2584269662921348,0.2584269662921348
704,Iran,IRN,2005,18.0,82.0,False,False,False,0.20224719101123595,0.20224719101123595
705,Iran,IRN,2006,18.0,82.0,False,False,False,0.20224719101123595,0.20224719101123595
706,Iran,IRN,2008,17.0,83.0,False,False,False,0.19101123595505617,0.19101123595505617
707,Iran,IRN,2012,16.0,84.0,False,False,False,0.1797752808988764,0.1797752808988764
708,Iran,IRN,2013,15.0,85.0,False,False,False,0.16853932584269662,0.16853932584269662
709,Iran,IRN,2014,15.0,85.0,False,False,False,0.16853932584269662,0.16853932584269662
710,Iran,IRN,2016,14.0,86.0,False,False,False,0.15730337078651685,0.15730337078651685
712,Iraq,IRQ,2000,26.0,74.0,False,False,False,0.29213483146067415,0.29213483146067415
713,Iraq,IRQ,2012,23.0,77.0,False,False,False,0.2584269662921348,0.2584269662921348
714,Iraq,IRQ,2014,18.0,82.0,False,False,False,0.20224719101123595,0.20224719101123595
715,Iraq,IRQ,2016,17.0,83.0,False,False,False,0.19101123595505617,0.19101123595505617
716,Iraq,IRQ,2017,14.0,86.0,False,False,False,0.15730337078651685,0.15730337078651685
735,Italy,ITA,2001,2.0,98.0,False,False,False,0.02247191011235955,0.02247191011235955
736,Italy,ITA,2011,1.0,99.0,False,False,False,0.011235955056179775,0.011235955056179775
737,Italy,ITA,2019,1.0,99.0,False,False,False,0.011235955056179775,0.011235955056179775
739,Jamaica,JAM,1999,20.0,80.0,False,False,False,0.2247191011235955,0.2247191011235955
743,Jordan,JOR,2003,10.0,90.0,False,False,False,0.11235955056179775,0.11235955056179775
744,Jordan,JOR,2005,9.0,91.0,False,False,False,0.10112359550561797,0.10112359550561797
745,Jordan,JOR,2007,8.0,92.0,False,False,False,0.0898876404494382,0.0898876404494382
746,Jordan,JOR,2010,7.0,93.0,False,False,False,0.07865168539325842,0.07865168539325842
747,Jordan,JOR,2011,4.0,96.0,False,False,False,0.0449438202247191,0.0449438202247191
748,Jordan,JOR,2012,2.0,98.0,False,False,False,0.02247191011235955,0.02247191011235955
749,Jordan,JOR,2018,4.56855,95.43145,False,False,False,0.05133202247191011,0.05133202247191011
750,Jordan,JOR,2023,5.0,95.0,False,False,False,0.056179775280898875,0.056179775280898875
752,Kazakhstan,KAZ,1999,0.0,100.0,False,False,False,0.0,0.0
753,Kazakhstan,KAZ,2009,0.0,100.0,False,False,False,0.0,0.0
755,Kenya,KEN,2000,18.0,82.0,False,False,False,0.20224719101123595,0.20224719101123595
757,Kiribati,KIR,2018,2.0402908,97.95971,False,False,False,0.02292461573033708,0.02292461573033708
762,Kuwait,KWT,1995,22.0,78.0,False,False,False,0.24719101123595505,0.24719101123595505
763,Kuwait,KWT,2005,7.0,93.0,False,False,False,0.07865168539325842,0.07865168539325842
764,Kuwait,KWT,2006,7.0,93.0,False,False,False,0.07865168539325842,0.07865168539325842
765,Kuwait,KWT,2007,6.0,94.0,False,False,False,0.06741573033707865,0.06741573033707865
766,Kuwait,KWT,2008,6.0,94.0,False,False,False,0.06741573033707865,0.06741573033707865
767,Kuwait,KWT,2010,6.0,94.0,False,False,False,0.06741573033707865,0.06741573033707865
768,Kuwait,KWT,2012,4.0,96.0,False,False,False,0.0449438202247191,0.0449438202247191
769,Kuwait,KWT,2013,4.0,96.0,False,False,False,0.0449438202247191,0.0449438202247191
770,Kuwait,KWT,2015,4.0,96.0,False,False,False,0.0449438202247191,0.0449438202247191
771,Kuwait,KWT,2017,4.0,96.0,False,False,False,0.0449438202247191,0.0449438202247191
772,Kuwait,KWT,2018,4.0,96.0,False,False,False,0.0449438202247191,0.0449438202247191
773,Kuwait,KWT,2020,4.0,96.0,False,False,False,0.0449438202247191,0.0449438202247191
774,Kyrgyzstan,KGZ,1999,1.0,99.0,False,False,False,0.011235955056179775,0.011235955056179775
775,Kyrgyzstan,KGZ,2009,1.0,99.0,False,False,False,0.011235955056179775,0.011235955056179775
777,Laos,LAO,1995,40.0,60.0,False,False,False,0.449438202247191,0.449438202247191
778,Laos,LAO,2000,30.0,70.0,False,False,False,0.33707865168539325,0.33707865168539325
779,Laos,LAO,2001,31.0,69.0,False,False,False,0.348314606741573,0.348314606741573
780,Laos,LAO,2005,27.0,73.0,False,False,False,0.3033707865168539,0.3033707865168539
781,Laos,LAO,2015,15.0,85.0,False,False,False,0.16853932584269662,0.16853932584269662
883,Latvia,LVA,2000,0.0,100.0,False,False,False,0.0,0.0
884,Latvia,LVA,2011,0.0,100.0,False,False,False,0.0,0.0
886,Lebanon,LBN,2007,10.0,90.0,False,False,False,0.11235955056179775,0.11235955056179775
887,Lebanon,LBN,2009,9.0,91.0,False,False,False,0.10112359550561797,0.10112359550561797
888,Lebanon,LBN,2018,7.0,93.0,False,False,False,0.07865168539325842,0.07865168539325842
890,Lesotho,LSO,2000,14.0,86.0,False,False,False,0.15730337078651685,0.15730337078651685
891,Lesotho,LSO,2006,34.0,66.0,False,False,False,0.38202247191011235,0.38202247191011235
892,Lesotho,LSO,2016,3.0,97.0,False,False,False,0.033707865168539325,0.033707865168539325
893,Lesotho,LSO,2018,13.759132,86.24087,False,False,False,0.15459698876404493,0.15459698876404493
900,Lithuania,LTU,2001,0.0,100.0,False,False,False,0.0,0.0
901,Lithuania,LTU,2011,0.0,100.0,False,False,False,0.0,0.0
990,Macao,MAC,2001,9.0,91.0,False,False,False,0.10112359550561797,0.10112359550561797
991,Macao,MAC,2006,7.0,93.0,False,False,False,0.07865168539325842,0.07865168539325842
992,Macao,MAC,2011,4.0,96.0,False,False,False,0.0449438202247191,0.0449438202247191
993,Macao,MAC,2016,3.0,97.0,False,False,False,0.033707865168539325,0.033707865168539325
995,Madagascar,MDG,2000,29.0,71.0,False,False,False,0.3258426966292135,0.3258426966292135
996,Madagascar,MDG,2005,41.0,59.0,False,False,False,0.4606741573033708,0.4606741573033708
997,Madagascar,MDG,2012,28.0,72.0,False,False,False,0.3146067415730337,0.3146067415730337
998,Madagascar,MDG,2018,23.0,77.0,False,False,False,0.2584269662921348,0.2584269662921348
999,Madagascar,MDG,2021,25.313858,74.68614,False,False,False,0.28442537078651686,0.28442537078651686
1002,Malawi,MWI,1998,36.0,64.0,False,False,False,0.4044943820224719,0.4044943820224719
1003,Malawi,MWI,2020,29.847733,70.15227,False,False,False,0.33536778651685395,0.33536778651685395
1006,Malaysia,MYS,1991,17.0,83.0,False,False,False,0.19101123595505617,0.19101123595505617
1007,Malaysia,MYS,2000,11.0,89.0,False,False,False,0.12359550561797752,0.12359550561797752
1008,Malaysia,MYS,2010,7.0,93.0,False,False,False,0.07865168539325842,0.07865168539325842
1009,Malaysia,MYS,2016,5.0,95.0,False,False,False,0.056179775280898875,0.056179775280898875
1010,Malaysia,MYS,2017,5.0,95.0,False,False,False,0.056179775280898875,0.056179775280898875
1011,Malaysia,MYS,2018,5.0,95.0,False,False,False,0.056179775280898875,0.056179775280898875
1012,Malaysia,MYS,2019,5.0,95.0,False,False,False,0.056179775280898875,0.056179775280898875
1013,Malaysia,MYS,2022,4.0,96.0,False,False,False,0.0449438202247191,0.0449438202247191
1017,Maldives,MDV,1990,4.0,96.0,False,False,False,0.0449438202247191,0.0449438202247191
1018,Maldives,MDV,1995,4.0,96.0,False,False,False,0.0449438202247191,0.0449438202247191
1019,Maldives,MDV,2000,4.0,96.0,False,False,False,0.0449438202247191,0.0449438202247191
1020,Maldives,MDV,2006,2.0,98.0,False,False,False,0.02247191011235955,0.02247191011235955
1021,Maldives,MDV,2014,1.0,99.0,False,False,False,0.011235955056179775,0.011235955056179775
1022,Maldives,MDV,2016,2.0,98.0,False,False,False,0.02247191011235955,0.02247191011235955
1023,Maldives,MDV,2017,5.4944916,94.50551,False,False,False,0.0617358606741573,0.0617358606741573
1024,Maldives,MDV,2019,1.7881393,98.21186,False,False,False,0.020091452808988764,0.020091452808988764
1026,Mali,MLI,1998,81.0,19.0,False,True,True,0.9101123595505618,0.9101123595505618
1027,Mali,MLI,2003,76.0,24.0,False,True,True,0.8539325842696629,0.8539325842696629
1028,Mali,MLI,2006,74.0,26.0,False,True,True,0.8314606741573034,0.8314606741573034
1029,Mali,MLI,2010,69.0,31.0,False,True,True,0.7752808988764045,0.7752808988764045
1030,Mali,MLI,2011,69.0,31.0,False,True,True,0.7752808988764045,0.7752808988764045
1031,Mali,MLI,2015,67.0,33.0,False,True,True,0.7528089887640449,0.7528089887640449
1032,Mali,MLI,2018,65.0,35.0,False,True,True,0.7303370786516854,0.7303370786516854
1035,Malta,MLT,1995,12.0,88.0,False,False,False,0.1348314606741573,0.1348314606741573
1036,Malta,MLT,2005,8.0,92.0,False,False,False,0.0898876404494382,0.0898876404494382
1037,Malta,MLT,2011,7.0,93.0,False,False,False,0.07865168539325842,0.07865168539325842
1038,Marshall Islands,MHL,2011,2.0,98.0,False,False,False,0.02247191011235955,0.02247191011235955
1041,Mauritania,MRT,2000,49.0,51.0,False,False,False,0.550561797752809,0.550561797752809
1042,Mauritania,MRT,2013,38.0,62.0,False,False,False,0.42696629213483145,0.42696629213483145
1043,Mauritania,MRT,2015,34.887978,65.11202,False,False,False,0.39199975280898874,0.39199975280898874
1044,Mauritania,MRT,2020,40.47034,59.52966,False,False,False,0.4547229213483146,0.4547229213483146
1046,Mauritius,MUS,1990,20.0,80.0,False,False,False,0.2247191011235955,0.2247191011235955
1047,Mauritius,MUS,2000,16.0,84.0,False,False,False,0.1797752808988764,0.1797752808988764
1048,Mauritius,MUS,2011,11.0,89.0,False,False,False,0.12359550561797752,0.12359550561797752
1049,Mauritius,MUS,2012,8.0,92.0,False,False,False,0.0898876404494382,0.0898876404494382
1050,Mauritius,MUS,2013,9.0,91.0,False,False,False,0.10112359550561797,0.10112359550561797
1051,Mauritius,MUS,2014,8.0,92.0,False,False,False,0.0898876404494382,0.0898876404494382
1052,Mauritius,MUS,2015,7.0,93.0,False,False,False,0.07865168539325842,0.07865168539325842
1053,Mauritius,MUS,2016,7.0,93.0,False,False,False,0.07865168539325842,0.07865168539325842
1061,Mexico,MEX,1990,12.0,88.0,False,False,False,0.1348314606741573,0.1348314606741573
1062,Mexico,MEX,2000,9.0,91.0,False,False,False,0.10112359550561797,0.10112359550561797
1063,Mexico,MEX,2002,10.0,90.0,False,False,False,0.11235955056179775,0.11235955056179775
1064,Mexico,MEX,2004,9.0,91.0,False,False,False,0.10112359550561797,0.10112359550561797
1065,Mexico,MEX,2005,8.0,92.0,False,False,False,0.0898876404494382,0.0898876404494382
1066,Mexico,MEX,2006,8.0,92.0,False,False,False,0.0898876404494382,0.0898876404494382
1067,Mexico,MEX,2007,7.0,93.0,False,False,False,0.07865168539325842,0.07865168539325842
1068,Mexico,MEX,2008,7.0,93.0,False,False,False,0.07865168539325842,0.07865168539325842
1069,Mexico,MEX,2009,7.0,93.0,False,False,False,0.07865168539325842,0.07865168539325842
1070,Mexico,MEX,2010,7.0,93.0,False,False,False,0.07865168539325842,0.07865168539325842
1071,Mexico,MEX,2011,6.0,94.0,False,False,False,0.06741573033707865,0.06741573033707865
1072,Mexico,MEX,2012,6.0,94.0,False,False,False,0.06741573033707865,0.06741573033707865
1073,Mexico,MEX,2013,6.0,94.0,False,False,False,0.06741573033707865,0.06741573033707865
1074,Mexico,MEX,2014,5.0,95.0,False,False,False,0.056179775280898875,0.056179775280898875
1075,Mexico,MEX,2015,6.0,94.0,False,False,False,0.06741573033707865,0.06741573033707865
1076,Mexico,MEX,2016,5.0,95.0,False,False,False,0.056179775280898875,0.056179775280898875
1077,Mexico,MEX,2017,5.0,95.0,False,False,False,0.056179775280898875,0.056179775280898875
1078,Mexico,MEX,2018,5.0,95.0,False,False,False,0.056179775280898875,0.056179775280898875
1079,Mexico,MEX,2020,5.0,95.0,False,False,False,0.056179775280898875,0.056179775280898875
1180,Moldova,MDA,2000,3.0,97.0,False,False,False,0.033707865168539325,0.033707865168539325
1181,Moldova,MDA,2014,1.0,99.0,False,False,False,0.011235955056179775,0.011235955056179775
1184,Mongolia,MNG,2000,2.0,98.0,False,False,False,0.02247191011235955,0.02247191011235955
1185,Mongolia,MNG,2010,2.0,98.0,False,False,False,0.02247191011235955,0.02247191011235955
1186,Mongolia,MNG,2018,3.103653,96.89635,False,False,False,0.03487250561797753,0.03487250561797753
1187,Mongolia,MNG,2020,1.0,99.0,False,False,False,0.011235955056179775,0.011235955056179775
1188,Mongolia,MNG,2022,1.2737808,98.72622,False,False,False,0.014312143820224717,0.014312143820224717
1190,Montenegro,MNE,1991,7.0,93.0,False,False,False,0.07865168539325842,0.07865168539325842
1191,Montenegro,MNE,2003,2.0,98.0,False,False,False,0.02247191011235955,0.02247191011235955
1192,Montenegro,MNE,2011,2.0,98.0,False,False,False,0.02247191011235955,0.02247191011235955
1193,Montenegro,MNE,2018,1.4655991,98.5344,False,False,False,0.016467405617977528,0.016467405617977528
1196,Morocco,MAR,1994,58.0,42.0,False,False,False,0.651685393258427,0.651685393258427
1197,Morocco,MAR,2004,48.0,52.0,False,False,False,0.5393258426966292,0.5393258426966292
1198,Morocco,MAR,2008,45.0,55.0,False,False,False,0.5056179775280899,0.5056179775280899
1199,Morocco,MAR,2009,44.0,56.0,False,False,False,0.4943820224719101,0.4943820224719101
1200,Morocco,MAR,2011,33.0,67.0,False,False,False,0.3707865168539326,0.3707865168539326
1201,Morocco,MAR,2012,31.0,69.0,False,False,False,0.348314606741573,0.348314606741573
1202,Morocco,MAR,2014,24.0,76.0,False,False,False,0.2696629213483146,0.2696629213483146
1205,Mozambique,MOZ,1997,61.0,39.0,False,False,False,0.6853932584269663,0.6853932584269663
1206,Mozambique,MOZ,2003,52.0,48.0,False,False,False,0.5842696629213483,0.5842696629213483
1207,Mozambique,MOZ,2009,49.0,51.0,False,False,False,0.550561797752809,0.550561797752809
1208,Mozambique,MOZ,2015,44.0,56.0,False,False,False,0.4943820224719101,0.4943820224719101
1209,Mozambique,MOZ,2017,39.0,61.0,False,False,False,0.4382022471910112,0.4382022471910112
1210,Mozambique,MOZ,2020,40.0,60.0,False,False,False,0.449438202247191,0.449438202247191
1217,Myanmar,MMR,2000,10.0,90.0,False,False,False,0.11235955056179775,0.11235955056179775
1218,Myanmar,MMR,2014,10.0,90.0,False,False,False,0.11235955056179775,0.11235955056179775
1219,Myanmar,MMR,2019,11.0,89.0,False,False,False,0.12359550561797752,0.12359550561797752
1220,Namibia,NAM,1991,24.0,76.0,False,False,False,0.2696629213483146,0.2696629213483146
1221,Namibia,NAM,2001,15.0,85.0,False,False,False,0.16853932584269662,0.16853932584269662
1222,Namibia,NAM,2011,12.0,88.0,False,False,False,0.1348314606741573,0.1348314606741573
1224,Nauru,NRU,2023,3.4134598,96.58654,False,False,False,0.038353480898876406,0.038353480898876406
1227,Nepal,NPL,1991,67.0,33.0,False,True,True,0.7528089887640449,0.7528089887640449
1228,Nepal,NPL,2001,51.0,49.0,False,False,False,0.5730337078651685,0.5730337078651685
1229,Nepal,NPL,2011,40.0,60.0,False,False,False,0.449438202247191,0.449438202247191
1230,Nepal,NPL,2016,34.498993,65.50101,False,False,False,0.38762913483146066,0.38762913483146066
1231,Nepal,NPL,2019,31.287498,68.7125,False,False,False,0.3515449213483146,0.3515449213483146
1241,New Caledonia,NCL,1996,4.0,96.0,False,False,False,0.0449438202247191,0.0449438202247191
1244,Nicaragua,NIC,2001,23.0,77.0,False,False,False,0.2584269662921348,0.2584269662921348
1245,Nicaragua,NIC,2005,22.0,78.0,False,False,False,0.24719101123595505,0.24719101123595505
1246,Niger,NER,2001,86.0,14.0,False,True,True,0.9662921348314606,0.9662921348314606
1247,Niger,NER,2005,71.0,29.0,False,True,True,0.797752808988764,0.797752808988764
1248,Niger,NER,2012,69.0,31.0,False,True,True,0.7752808988764045,0.7752808988764045
1249,Niger,NER,2018,66.952545,33.04745,False,True,True,0.7522757865168539,0.7522757865168539
1250,Niger,NER,2022,64.39029,35.60971,False,True,True,0.723486404494382,0.723486404494382
1252,Nigeria,NGA,1991,45.0,55.0,False,False,False,0.5056179775280899,0.5056179775280899
1253,Nigeria,NGA,2003,45.0,55.0,False,False,False,0.5056179775280899,0.5056179775280899
1254,Nigeria,NGA,2006,30.0,70.0,False,False,False,0.33707865168539325,0.33707865168539325
1255,Nigeria,NGA,2016,41.77866,58.22134,False,False,False,0.46942314606741575,0.46942314606741575
1256,Nigeria,NGA,2021,36.84446,63.15554,False,False,False,0.41398269662921344,0.41398269662921344
1271,North Korea,PRK,2008,0.0,100.0,False,False,False,0.0,0.0
1272,North Macedonia,MKD,1994,6.0,94.0,False,False,False,0.06741573033707865,0.06741573033707865
1273,North Macedonia,MKD,2002,4.0,96.0,False,False,False,0.0449438202247191,0.0449438202247191
1349,Oman,OMN,2003,34.0,66.0,False,False,False,0.38202247191011235,0.38202247191011235
1350,Oman,OMN,2008,13.0,87.0,False,False,False,0.14606741573033707,0.14606741573033707
1351,Oman,OMN,2010,13.0,87.0,False,False,False,0.14606741573033707,0.14606741573033707
1352,Oman,OMN,2015,7.0,93.0,False,False,False,0.07865168539325842,0.07865168539325842
1353,Oman,OMN,2017,4.0,96.0,False,False,False,0.0449438202247191,0.0449438202247191
1354,Oman,OMN,2018,4.0,96.0,False,False,False,0.0449438202247191,0.0449438202247191
1355,Oman,OMN,2020,3.0,97.0,False,False,False,0.033707865168539325,0.033707865168539325
1356,Oman,OMN,2022,3.0,97.0,False,False,False,0.033707865168539325,0.033707865168539325
1359,Pakistan,PAK,1998,57.0,43.0,False,False,False,0.6404494382022472,0.6404494382022472
1360,Pakistan,PAK,2005,50.0,50.0,False,False,False,0.5617977528089888,0.5617977528089888
1361,Pakistan,PAK,2006,46.0,54.0,False,False,False,0.5168539325842696,0.5168539325842696
1362,Pakistan,PAK,2007,48.0,52.0,False,False,False,0.5393258426966292,0.5393258426966292
1363,Pakistan,PAK,2008,44.0,56.0,False,False,False,0.4943820224719101,0.4943820224719101
1364,Pakistan,PAK,2009,45.0,55.0,False,False,False,0.5056179775280899,0.5056179775280899
1365,Pakistan,PAK,2010,45.0,55.0,False,False,False,0.5056179775280899,0.5056179775280899
1366,Pakistan,PAK,2011,45.0,55.0,False,False,False,0.5056179775280899,0.5056179775280899
1367,Pakistan,PAK,2012,43.0,57.0,False,False,False,0.4831460674157303,0.4831460674157303
1368,Pakistan,PAK,2013,44.0,56.0,False,False,False,0.4943820224719101,0.4943820224719101
1369,Pakistan,PAK,2014,43.0,57.0,False,False,False,0.4831460674157303,0.4831460674157303
1370,Pakistan,PAK,2017,41.0,59.0,False,False,False,0.4606741573033708,0.4606741573033708
1371,Pakistan,PAK,2018,43.0,57.0,False,False,False,0.4831460674157303,0.4831460674157303
1372,Pakistan,PAK,2019,42.0,58.0,False,False,False,0.47191011235955055,0.47191011235955055
1373,Pakistan,PAK,2021,41.1439,58.8561,False,False,False,0.46229101123595506,0.46229101123595506
1375,Palau,PLW,2013,0.0,100.0,False,False,False,0.0,0.0
1376,Palau,PLW,2015,3.0,97.0,False,False,False,0.033707865168539325,0.033707865168539325
1377,Palestine,PSE,1997,14.0,86.0,False,False,False,0.15730337078651685,0.15730337078651685
1378,Palestine,PSE,2004,8.0,92.0,False,False,False,0.0898876404494382,0.0898876404494382
1379,Palestine,PSE,2006,7.0,93.0,False,False,False,0.07865168539325842,0.07865168539325842
1380,Palestine,PSE,2007,6.0,94.0,False,False,False,0.06741573033707865,0.06741573033707865
1381,Palestine,PSE,2008,6.0,94.0,False,False,False,0.06741573033707865,0.06741573033707865
1382,Palestine,PSE,2009,6.0,94.0,False,False,False,0.06741573033707865,0.06741573033707865
1383,Palestine,PSE,2010,5.0,95.0,False,False,False,0.056179775280898875,0.056179775280898875
1384,Palestine,PSE,2011,5.0,95.0,False,False,False,0.056179775280898875,0.056179775280898875
1385,Palestine,PSE,2012,4.0,96.0,False,False,False,0.0449438202247191,0.0449438202247191
1386,Palestine,PSE,2013,4.0,96.0,False,False,False,0.0449438202247191,0.0449438202247191
1387,Palestine,PSE,2014,4.0,96.0,False,False,False,0.0449438202247191,0.0449438202247191
1388,Palestine,PSE,2015,4.0,96.0,False,False,False,0.0449438202247191,0.0449438202247191
1389,Palestine,PSE,2016,3.0,97.0,False,False,False,0.033707865168539325,0.033707865168539325
1390,Palestine,PSE,2017,3.0,97.0,False,False,False,0.033707865168539325,0.033707865168539325
1391,Palestine,PSE,2018,3.0,97.0,False,False,False,0.033707865168539325,0.033707865168539325
1392,Palestine,PSE,2019,3.0,97.0,False,False,False,0.033707865168539325,0.033707865168539325
1393,Palestine,PSE,2020,2.0,98.0,False,False,False,0.02247191011235955,0.02247191011235955
1394,Palestine,PSE,2022,2.0,98.0,False,False,False,0.02247191011235955,0.02247191011235955
1397,Panama,PAN,1990,11.0,89.0,False,False,False,0.12359550561797752,0.12359550561797752
1398,Panama,PAN,2000,8.0,92.0,False,False,False,0.0898876404494382,0.0898876404494382
1399,Panama,PAN,2010,6.0,94.0,False,False,False,0.06741573033707865,0.06741573033707865
1400,Panama,PAN,2018,5.0,95.0,False,False,False,0.056179775280898875,0.056179775280898875
1401,Panama,PAN,2019,4.0,96.0,False,False,False,0.0449438202247191,0.0449438202247191
1403,Papua New Guinea,PNG,2000,43.0,57.0,False,False,False,0.4831460674157303,0.4831460674157303
1404,Papua New Guinea,PNG,2017,29.936317,70.06368,False,False,False,0.3363631123595505,0.3363631123595505
1407,Paraguay,PRY,1992,10.0,90.0,False,False,False,0.11235955056179775,0.11235955056179775
1408,Paraguay,PRY,2007,5.0,95.0,False,False,False,0.056179775280898875,0.056179775280898875
1409,Paraguay,PRY,2008,7.0,93.0,False,False,False,0.07865168539325842,0.07865168539325842
1410,Paraguay,PRY,2009,6.0,94.0,False,False,False,0.06741573033707865,0.06741573033707865
1411,Paraguay,PRY,2010,6.0,94.0,False,False,False,0.06741573033707865,0.06741573033707865
1412,Paraguay,PRY,2012,6.0,94.0,False,False,False,0.06741573033707865,0.06741573033707865
1413,Paraguay,PRY,2013,5.0,95.0,False,False,False,0.056179775280898875,0.056179775280898875
1414,Paraguay,PRY,2014,5.0,95.0,False,False,False,0.056179775280898875,0.056179775280898875
1415,Paraguay,PRY,2015,4.0,96.0,False,False,False,0.0449438202247191,0.0449438202247191
1416,Paraguay,PRY,2016,5.0,95.0,False,False,False,0.056179775280898875,0.056179775280898875
1417,Paraguay,PRY,2018,6.0,94.0,False,False,False,0.06741573033707865,0.06741573033707865
1418,Paraguay,PRY,2019,7.0,93.0,False,False,False,0.07865168539325842,0.07865168539325842
1419,Paraguay,PRY,2020,5.0,95.0,False,False,False,0.056179775280898875,0.056179775280898875
1422,Peru,PER,1993,13.0,87.0,False,False,False,0.14606741573033707,0.14606741573033707
1423,Peru,PER,2004,12.0,88.0,False,False,False,0.1348314606741573,0.1348314606741573
1424,Peru,PER,2005,12.0,88.0,False,False,False,0.1348314606741573,0.1348314606741573
1425,Peru,PER,2006,11.0,89.0,False,False,False,0.12359550561797752,0.12359550561797752
1426,Peru,PER,2007,10.0,90.0,False,False,False,0.11235955056179775,0.11235955056179775
1427,Peru,PER,2012,6.0,94.0,False,False,False,0.06741573033707865,0.06741573033707865
1428,Peru,PER,2014,6.0,94.0,False,False,False,0.06741573033707865,0.06741573033707865
1429,Peru,PER,2015,6.0,94.0,False,False,False,0.06741573033707865,0.06741573033707865
1430,Peru,PER,2016,6.0,94.0,False,False,False,0.06741573033707865,0.06741573033707865
1431,Peru,PER,2017,6.0,94.0,False,False,False,0.06741573033707865,0.06741573033707865
1432,Peru,PER,2018,6.0,94.0,False,False,False,0.06741573033707865,0.06741573033707865
1433,Peru,PER,2020,6.0,94.0,False,False,False,0.06741573033707865,0.06741573033707865
1439,Philippines,PHL,1990,6.0,94.0,False,False,False,0.06741573033707865,0.06741573033707865
1440,Philippines,PHL,1994,6.0,94.0,False,False,False,0.06741573033707865,0.06741573033707865
1441,Philippines,PHL,2000,7.0,93.0,False,False,False,0.07865168539325842,0.07865168539325842
1442,Philippines,PHL,2003,7.0,93.0,False,False,False,0.07865168539325842,0.07865168539325842
1443,Philippines,PHL,2008,5.0,95.0,False,False,False,0.056179775280898875,0.056179775280898875
1444,Philippines,PHL,2013,4.0,96.0,False,False,False,0.0449438202247191,0.0449438202247191
1445,Philippines,PHL,2015,2.0,98.0,False,False,False,0.02247191011235955,0.02247191011235955
1446,Philippines,PHL,2019,4.0,96.0,False,False,False,0.0449438202247191,0.0449438202247191
1447,Philippines,PHL,2020,2.0,98.0,False,False,False,0.02247191011235955,0.02247191011235955
1461,Portugal,PRT,1991,12.0,88.0,False,False,False,0.1348314606741573,0.1348314606741573
1462,Portugal,PRT,2011,6.0,94.0,False,False,False,0.06741573033707865,0.06741573033707865
1465,Puerto Rico,PRI,1990,10.0,90.0,False,False,False,0.11235955056179775,0.11235955056179775
1466,Puerto Rico,PRI,2010,8.0,92.0,False,False,False,0.0898876404494382,0.0898876404494382
1467,Puerto Rico,PRI,2017,8.0,92.0,False,False,False,0.0898876404494382,0.0898876404494382
1470,Qatar,QAT,1997,17.0,83.0,False,False,False,0.19101123595505617,0.19101123595505617
1471,Qatar,QAT,2004,11.0,89.0,False,False,False,0.12359550561797752,0.12359550561797752
1472,Qatar,QAT,2007,7.0,93.0,False,False,False,0.07865168539325842,0.07865168539325842
1473,Qatar,QAT,2008,6.0,94.0,False,False,False,0.06741573033707865,0.06741573033707865
1474,Qatar,QAT,2009,5.0,95.0,False,False,False,0.056179775280898875,0.056179775280898875
1475,Qatar,QAT,2010,4.0,96.0,False,False,False,0.0449438202247191,0.0449438202247191
1476,Qatar,QAT,2011,4.0,96.0,False,False,False,0.0449438202247191,0.0449438202247191
1477,Qatar,QAT,2012,3.0,97.0,False,False,False,0.033707865168539325,0.033707865168539325
1478,Qatar,QAT,2013,3.0,97.0,False,False,False,0.033707865168539325,0.033707865168539325
1479,Qatar,QAT,2014,2.0,98.0,False,False,False,0.02247191011235955,0.02247191011235955
1483,Romania,ROU,1992,3.0,97.0,False,False,False,0.033707865168539325,0.033707865168539325
1484,Romania,ROU,2002,3.0,97.0,False,False,False,0.033707865168539325,0.033707865168539325
1485,Romania,ROU,2011,1.0,99.0,False,False,False,0.011235955056179775,0.011235955056179775
1486,Romania,ROU,2021,1.0,99.0,False,False,False,0.011235955056179775,0.011235955056179775
1488,Russia,RUS,2002,1.0,99.0,False,False,False,0.011235955056179775,0.011235955056179775
1489,Russia,RUS,2010,0.0,100.0,False,False,False,0.0,0.0
1490,Russia,RUS,2021,0.0,100.0,False,False,False,0.0,0.0
1493,Rwanda,RWA,1991,42.0,58.0,False,False,False,0.47191011235955055,0.47191011235955055
1494,Rwanda,RWA,2000,35.0,65.0,False,False,False,0.3932584269662921,0.3932584269662921
1495,Rwanda,RWA,2012,32.0,68.0,False,False,False,0.3595505617977528,0.3595505617977528
1496,Rwanda,RWA,2014,29.0,71.0,False,False,False,0.3258426966292135,0.3258426966292135
1497,Rwanda,RWA,2018,27.0,73.0,False,False,False,0.3033707865168539,0.3033707865168539
1498,Rwanda,RWA,2020,19.949142,80.05086,False,False,False,0.2241476629213483,0.2241476629213483
1499,Rwanda,RWA,2022,21.0,79.0,False,False,False,0.23595505617977527,0.23595505617977527
1501,Saint Helena,SHN,1998,3.0,97.0,False,False,False,0.033707865168539325,0.033707865168539325
1506,Samoa,WSM,1991,2.0,98.0,False,False,False,0.02247191011235955,0.02247191011235955
1507,Samoa,WSM,2011,1.0,99.0,False,False,False,0.011235955056179775,0.011235955056179775
1508,Samoa,WSM,2016,1.0,99.0,False,False,False,0.011235955056179775,0.011235955056179775
1509,Samoa,WSM,2019,2.0097427,97.99026,False,False,False,0.022581378651685392,0.022581378651685392
1511,San Marino,SMR,2022,0.0,100.0,False,False,False,0.0,0.0
1514,Sao Tome and Principe,STP,1991,27.0,73.0,False,False,False,0.3033707865168539,0.3033707865168539
1515,Sao Tome and Principe,STP,2001,15.0,85.0,False,False,False,0.16853932584269662,0.16853932584269662
1516,Sao Tome and Principe,STP,2012,10.0,90.0,False,False,False,0.11235955056179775,0.11235955056179775
1517,Sao Tome and Principe,STP,2019,12.561539,87.43846,False,False,False,0.14114088764044944,0.14114088764044944
1519,Saudi Arabia,SAU,1992,29.0,71.0,False,False,False,0.3258426966292135,0.3258426966292135
1520,Saudi Arabia,SAU,2000,21.0,79.0,False,False,False,0.23595505617977527,0.23595505617977527
1521,Saudi Arabia,SAU,2004,17.0,83.0,False,False,False,0.19101123595505617,0.19101123595505617
1522,Saudi Arabia,SAU,2013,6.0,94.0,False,False,False,0.06741573033707865,0.06741573033707865
1523,Saudi Arabia,SAU,2017,5.0,95.0,False,False,False,0.056179775280898875,0.056179775280898875
1524,Saudi Arabia,SAU,2020,2.0,98.0,False,False,False,0.02247191011235955,0.02247191011235955
1527,Senegal,SEN,2002,61.0,39.0,False,False,False,0.6853932584269663,0.6853932584269663
1528,Senegal,SEN,2006,58.0,42.0,False,False,False,0.651685393258427,0.651685393258427
1529,Senegal,SEN,2009,52.0,48.0,False,False,False,0.5842696629213483,0.5842696629213483
1530,Senegal,SEN,2011,48.0,52.0,False,False,False,0.5393258426966292,0.5393258426966292
1531,Senegal,SEN,2013,56.0,44.0,False,False,False,0.6292134831460674,0.6292134831460674
1532,Senegal,SEN,2015,56.40727,43.59273,False,False,False,0.6337895505617978,0.6337895505617978
1533,Senegal,SEN,2016,53.90036,46.09964,False,False,False,0.6056220224719101,0.6056220224719101
1534,Senegal,SEN,2017,48.0,52.0,False,False,False,0.5393258426966292,0.5393258426966292
1535,Senegal,SEN,2018,53.39409,46.60591,False,False,False,0.599933595505618,0.599933595505618
1536,Senegal,SEN,2019,53.16633,46.83367,False,False,False,0.5973744943820225,0.5973744943820225
1537,Senegal,SEN,2023,49.64418,50.35582,False,False,False,0.5577997752808989,0.5577997752808989
1538,Serbia,SRB,2003,4.0,96.0,False,False,False,0.0449438202247191,0.0449438202247191
1539,Serbia,SRB,2011,2.0,98.0,False,False,False,0.02247191011235955,0.02247191011235955
1540,Serbia,SRB,2016,1.0,99.0,False,False,False,0.011235955056179775,0.011235955056179775
1541,Serbia,SRB,2019,1.0,99.0,False,False,False,0.011235955056179775,0.011235955056179775
1544,Seychelles,SYC,1994,12.0,88.0,False,False,False,0.1348314606741573,0.1348314606741573
1545,Seychelles,SYC,2002,8.0,92.0,False,False,False,0.0898876404494382,0.0898876404494382
1546,Seychelles,SYC,2010,6.0,94.0,False,False,False,0.06741573033707865,0.06741573033707865
1548,Sierra Leone,SLE,2004,65.0,35.0,False,True,True,0.7303370786516854,0.7303370786516854
1549,Sierra Leone,SLE,2017,55.16682,44.83318,False,False,False,0.6198519101123595,0.6198519101123595
1550,Sierra Leone,SLE,2019,56.42222,43.57778,False,False,False,0.6339575280898877,0.6339575280898877
1553,Singapore,SGP,1990,11.0,89.0,False,False,False,0.12359550561797752,0.12359550561797752
1554,Singapore,SGP,2000,7.0,93.0,False,False,False,0.07865168539325842,0.07865168539325842
1555,Singapore,SGP,2010,4.0,96.0,False,False,False,0.0449438202247191,0.0449438202247191
1556,Singapore,SGP,2011,4.0,96.0,False,False,False,0.0449438202247191,0.0449438202247191
1557,Singapore,SGP,2012,4.0,96.0,False,False,False,0.0449438202247191,0.0449438202247191
1558,Singapore,SGP,2013,3.0,97.0,False,False,False,0.033707865168539325,0.033707865168539325
1559,Singapore,SGP,2014,3.0,97.0,False,False,False,0.033707865168539325,0.033707865168539325
1560,Singapore,SGP,2015,3.0,97.0,False,False,False,0.033707865168539325,0.033707865168539325
1561,Singapore,SGP,2016,3.0,97.0,False,False,False,0.033707865168539325,0.033707865168539325
1562,Singapore,SGP,2017,3.0,97.0,False,False,False,0.033707865168539325,0.033707865168539325
1563,Singapore,SGP,2018,3.0,97.0,False,False,False,0.033707865168539325,0.033707865168539325
1564,Singapore,SGP,2019,3.0,97.0,False,False,False,0.033707865168539325,0.033707865168539325
1565,Singapore,SGP,2020,3.0,97.0,False,False,False,0.033707865168539325,0.033707865168539325
1566,Singapore,SGP,2021,2.0,98.0,False,False,False,0.02247191011235955,0.02247191011235955
1567,Slovenia,SVN,1991,0.0,100.0,False,False,False,0.0,0.0
1569,Solomon Islands,SLB,1999,23.0,77.0,False,False,False,0.2584269662921348,0.2584269662921348
1570,Somalia,SOM,2022,46.0,54.0,False,False,False,0.5168539325842696,0.5168539325842696
1574,South Africa,ZAF,1996,18.0,82.0,False,False,False,0.20224719101123595,0.20224719101123595
1575,South Africa,ZAF,2007,11.0,89.0,False,False,False,0.12359550561797752,0.12359550561797752
1576,South Africa,ZAF,2009,7.0,93.0,False,False,False,0.07865168539325842,0.07865168539325842
1577,South Africa,ZAF,2010,7.0,93.0,False,False,False,0.07865168539325842,0.07865168539325842
1578,South Africa,ZAF,2011,7.0,93.0,False,False,False,0.07865168539325842,0.07865168539325842
1579,South Africa,ZAF,2012,6.0,94.0,False,False,False,0.06741573033707865,0.06741573033707865
1580,South Africa,ZAF,2014,6.0,94.0,False,False,False,0.06741573033707865,0.06741573033707865
1581,South Africa,ZAF,2015,6.0,94.0,False,False,False,0.06741573033707865,0.06741573033707865
1582,South Africa,ZAF,2016,8.262756,91.73724,False,False,False,0.09283995505617977,0.09283995505617977
1583,South Africa,ZAF,2017,13.0,87.0,False,False,False,0.14606741573033707,0.14606741573033707
1584,South Africa,ZAF,2019,5.0,95.0,False,False,False,0.056179775280898875,0.056179775280898875
1585,South Africa,ZAF,2021,10.0,90.0,False,False,False,0.11235955056179775,0.11235955056179775
1636,South Korea,KOR,2008,2.0,98.0,False,False,False,0.02247191011235955,0.02247191011235955
1637,South Sudan,SSD,2008,73.0,27.0,False,True,True,0.8202247191011236,0.8202247191011236
1648,Spain,ESP,1991,4.0,96.0,False,False,False,0.0449438202247191,0.0449438202247191
1649,Spain,ESP,2004,3.0,97.0,False,False,False,0.033707865168539325,0.033707865168539325
1650,Spain,ESP,2005,2.0,98.0,False,False,False,0.02247191011235955,0.02247191011235955
1651,Spain,ESP,2006,2.0,98.0,False,False,False,0.02247191011235955,0.02247191011235955
1652,Spain,ESP,2007,2.0,98.0,False,False,False,0.02247191011235955,0.02247191011235955
1653,Spain,ESP,2008,2.0,98.0,False,False,False,0.02247191011235955,0.02247191011235955
1654,Spain,ESP,2009,2.0,98.0,False,False,False,0.02247191011235955,0.02247191011235955
1655,Spain,ESP,2010,2.0,98.0,False,False,False,0.02247191011235955,0.02247191011235955
1656,Spain,ESP,2011,2.0,98.0,False,False,False,0.02247191011235955,0.02247191011235955
1657,Spain,ESP,2012,2.0,98.0,False,False,False,0.02247191011235955,0.02247191011235955
1658,Spain,ESP,2013,2.0,98.0,False,False,False,0.02247191011235955,0.02247191011235955
1659,Spain,ESP,2014,2.0,98.0,False,False,False,0.02247191011235955,0.02247191011235955
1660,Spain,ESP,2015,2.0,98.0,False,False,False,0.02247191011235955,0.02247191011235955
1661,Spain,ESP,2016,2.0,98.0,False,False,False,0.02247191011235955,0.02247191011235955
1662,Spain,ESP,2018,2.0,98.0,False,False,False,0.02247191011235955,0.02247191011235955
1663,Spain,ESP,2020,1.0,99.0,False,False,False,0.011235955056179775,0.011235955056179775
1664,Spain,ESP,2021,0.0,100.0,False,False,False,0.0,0.0
1671,Sri Lanka,LKA,2001,9.0,91.0,False,False,False,0.10112359550561797,0.10112359550561797
1672,Sri Lanka,LKA,2006,9.0,91.0,False,False,False,0.10112359550561797,0.10112359550561797
1673,Sri Lanka,LKA,2008,9.0,91.0,False,False,False,0.10112359550561797,0.10112359550561797
1674,Sri Lanka,LKA,2010,9.0,91.0,False,False,False,0.10112359550561797,0.10112359550561797
1675,Sri Lanka,LKA,2016,8.0,92.0,False,False,False,0.0898876404494382,0.0898876404494382
1676,Sri Lanka,LKA,2017,8.0,92.0,False,False,False,0.0898876404494382,0.0898876404494382
1677,Sri Lanka,LKA,2018,8.0,92.0,False,False,False,0.0898876404494382,0.0898876404494382
1678,Sri Lanka,LKA,2019,8.0,92.0,False,False,False,0.0898876404494382,0.0898876404494382
1679,Sri Lanka,LKA,2020,8.0,92.0,False,False,False,0.0898876404494382,0.0898876404494382
1680,Sri Lanka,LKA,2021,8.0,92.0,False,False,False,0.0898876404494382,0.0898876404494382
1681,Sri Lanka,LKA,2022,8.0,92.0,False,False,False,0.0898876404494382,0.0898876404494382
1682,Sri Lanka,LKA,2023,7.0,93.0,False,False,False,0.07865168539325842,0.07865168539325842
1763,Sudan,SDN,2000,39.0,61.0,False,False,False,0.4382022471910112,0.4382022471910112
1764,Sudan,SDN,2008,46.0,54.0,False,False,False,0.5168539325842696,0.5168539325842696
1766,Suriname,SUR,2004,10.0,90.0,False,False,False,0.11235955056179775,0.11235955056179775
1767,Suriname,SUR,2008,5.0,95.0,False,False,False,0.056179775280898875,0.056179775280898875
1768,Suriname,SUR,2010,5.0,95.0,False,False,False,0.056179775280898875,0.056179775280898875
1769,Suriname,SUR,2012,7.0,93.0,False,False,False,0.07865168539325842,0.07865168539325842
1778,Syria,SYR,2002,17.0,83.0,False,False,False,0.19101123595505617,0.19101123595505617
1779,Syria,SYR,2004,19.0,81.0,False,False,False,0.21348314606741572,0.21348314606741572
1780,Syria,SYR,2021,6.0,94.0,False,False,False,0.06741573033707865,0.06741573033707865
1782,Tajikistan,TJK,2000,1.0,99.0,False,False,False,0.011235955056179775,0.011235955056179775
1785,Tanzania,TZA,2002,31.0,69.0,False,False,False,0.348314606741573,0.348314606741573
1786,Tanzania,TZA,2012,22.0,78.0,False,False,False,0.24719101123595505,0.24719101123595505
1787,Tanzania,TZA,2015,22.0,78.0,False,False,False,0.24719101123595505,0.24719101123595505
1790,Thailand,THA,2000,7.0,93.0,False,False,False,0.07865168539325842,0.07865168539325842
1791,Thailand,THA,2005,6.0,94.0,False,False,False,0.06741573033707865,0.06741573033707865
1792,Thailand,THA,2010,4.0,96.0,False,False,False,0.0449438202247191,0.0449438202247191
1793,Thailand,THA,2013,6.0,94.0,False,False,False,0.06741573033707865,0.06741573033707865
1794,Thailand,THA,2015,7.0,93.0,False,False,False,0.07865168539325842,0.07865168539325842
1795,Thailand,THA,2016,8.0186,91.9814,False,False,False,0.09009662921348313,0.09009662921348313
1796,Thailand,THA,2018,6.0,94.0,False,False,False,0.06741573033707865,0.06741573033707865
1797,Thailand,THA,2019,8.73085,91.26915,False,False,False,0.09809943820224719,0.09809943820224719
1798,Thailand,THA,2022,8.900131,91.09987,False,False,False,0.10000147191011236,0.10000147191011236
1800,Togo,TGO,2000,47.0,53.0,False,False,False,0.5280898876404494,0.5280898876404494
1801,Togo,TGO,2006,43.0,57.0,False,False,False,0.4831460674157303,0.4831460674157303
1802,Togo,TGO,2009,43.0,57.0,False,False,False,0.4831460674157303,0.4831460674157303
1803,Togo,TGO,2011,40.0,60.0,False,False,False,0.449438202247191,0.449438202247191
1804,Togo,TGO,2015,36.0,64.0,False,False,False,0.4044943820224719,0.4044943820224719
1805,Togo,TGO,2019,33.0,67.0,False,False,False,0.3707865168539326,0.3707865168539326
1806,Togo,TGO,2022,27.404114,72.59589,False,False,False,0.307911393258427,0.307911393258427
1810,Tonga,TON,1996,1.0,99.0,False,False,False,0.011235955056179775,0.011235955056179775
1811,Tonga,TON,2006,1.0,99.0,False,False,False,0.011235955056179775,0.011235955056179775
1812,Tonga,TON,2011,1.0,99.0,False,False,False,0.011235955056179775,0.011235955056179775
1813,Tonga,TON,2016,3.0,97.0,False,False,False,0.033707865168539325,0.033707865168539325
1814,Tonga,TON,2019,8.9483795,91.05162,False,False,False,0.10054358988764045,0.10054358988764045
1817,Trinidad and Tobago,TTO,1990,3.0,97.0,False,False,False,0.033707865168539325,0.033707865168539325
1820,Tunisia,TUN,2004,26.0,74.0,False,False,False,0.29213483146067415,0.29213483146067415
1821,Tunisia,TUN,2007,23.0,77.0,False,False,False,0.2584269662921348,0.2584269662921348
1822,Tunisia,TUN,2008,22.0,78.0,False,False,False,0.24719101123595505,0.24719101123595505
1823,Tunisia,TUN,2010,21.0,79.0,False,False,False,0.23595505617977527,0.23595505617977527
1824,Tunisia,TUN,2011,20.0,80.0,False,False,False,0.2247191011235955,0.2247191011235955
1825,Tunisia,TUN,2012,20.0,80.0,False,False,False,0.2247191011235955,0.2247191011235955
1826,Tunisia,TUN,2014,21.0,79.0,False,False,False,0.23595505617977527,0.23595505617977527
1827,Tunisia,TUN,2018,20.524887,79.47511,False,False,False,0.23061670786516852,0.23061670786516852
1828,Tunisia,TUN,2019,19.0,81.0,False,False,False,0.21348314606741572,0.21348314606741572
1829,Tunisia,TUN,2021,16.317368,83.68263,False,False,False,0.18334121348314605,0.18334121348314605
1830,Tunisia,TUN,2023,13.753181,86.24682,False,False,False,0.1545301235955056,0.1545301235955056
1838,Turkey,TUR,1990,21.0,79.0,False,False,False,0.23595505617977527,0.23595505617977527
1839,Turkey,TUR,2004,13.0,87.0,False,False,False,0.14606741573033707,0.14606741573033707
1840,Turkey,TUR,2005,12.0,88.0,False,False,False,0.1348314606741573,0.1348314606741573
1841,Turkey,TUR,2006,12.0,88.0,False,False,False,0.1348314606741573,0.1348314606741573
1842,Turkey,TUR,2007,11.0,89.0,False,False,False,0.12359550561797752,0.12359550561797752
1843,Turkey,TUR,2009,9.0,91.0,False,False,False,0.10112359550561797,0.10112359550561797
1844,Turkey,TUR,2010,7.0,93.0,False,False,False,0.07865168539325842,0.07865168539325842
1845,Turkey,TUR,2011,6.0,94.0,False,False,False,0.06741573033707865,0.06741573033707865
1846,Turkey,TUR,2012,5.0,95.0,False,False,False,0.056179775280898875,0.056179775280898875
1847,Turkey,TUR,2013,5.0,95.0,False,False,False,0.056179775280898875,0.056179775280898875
1848,Turkey,TUR,2014,5.0,95.0,False,False,False,0.056179775280898875,0.056179775280898875
1849,Turkey,TUR,2015,4.0,96.0,False,False,False,0.0449438202247191,0.0449438202247191
1850,Turkey,TUR,2016,4.0,96.0,False,False,False,0.0449438202247191,0.0449438202247191
1851,Turkey,TUR,2017,4.0,96.0,False,False,False,0.0449438202247191,0.0449438202247191
1852,Turkey,TUR,2019,3.0,97.0,False,False,False,0.033707865168539325,0.033707865168539325
1853,Turkey,TUR,2021,3.0,97.0,False,False,False,0.033707865168539325,0.033707865168539325
1854,Turkmenistan,TKM,1995,1.0,99.0,False,False,False,0.011235955056179775,0.011235955056179775
1857,Uganda,UGA,1991,44.0,56.0,False,False,False,0.4943820224719101,0.4943820224719101
1858,Uganda,UGA,2002,32.0,68.0,False,False,False,0.3595505617977528,0.3595505617977528
1859,Uganda,UGA,2006,29.0,71.0,False,False,False,0.3258426966292135,0.3258426966292135
1860,Uganda,UGA,2010,27.0,73.0,False,False,False,0.3033707865168539,0.3033707865168539
1861,Uganda,UGA,2012,30.0,70.0,False,False,False,0.33707865168539325,0.33707865168539325
1862,Uganda,UGA,2016,30.898682,69.10132,False,False,False,0.34717620224719103,0.34717620224719103
1863,Ukraine,UKR,2001,1.0,99.0,False,False,False,0.011235955056179775,0.011235955056179775
1866,United Arab Emirates,ARE,2005,10.0,90.0,False,False,False,0.11235955056179775,0.11235955056179775
1867,United Arab Emirates,ARE,2019,2.0,98.0,False,False,False,0.02247191011235955,0.02247191011235955
1868,United Arab Emirates,ARE,2021,2.0,98.0,False,False,False,0.02247191011235955,0.02247191011235955
1869,United Arab Emirates,ARE,2022,2.0,98.0,False,False,False,0.02247191011235955,0.02247191011235955
1870,United Arab Emirates,ARE,2023,2.0,98.0,False,False,False,0.02247191011235955,0.02247191011235955
1934,Uruguay,URY,1996,3.0,97.0,False,False,False,0.033707865168539325,0.033707865168539325
1935,Uruguay,URY,2006,2.0,98.0,False,False,False,0.02247191011235955,0.02247191011235955
1936,Uruguay,URY,2007,2.0,98.0,False,False,False,0.02247191011235955,0.02247191011235955
1937,Uruguay,URY,2008,2.0,98.0,False,False,False,0.02247191011235955,0.02247191011235955
1938,Uruguay,URY,2009,2.0,98.0,False,False,False,0.02247191011235955,0.02247191011235955
1939,Uruguay,URY,2010,2.0,98.0,False,False,False,0.02247191011235955,0.02247191011235955
1940,Uruguay,URY,2011,2.0,98.0,False,False,False,0.02247191011235955,0.02247191011235955
1941,Uruguay,URY,2012,2.0,98.0,False,False,False,0.02247191011235955,0.02247191011235955
1942,Uruguay,URY,2013,2.0,98.0,False,False,False,0.02247191011235955,0.02247191011235955
1943,Uruguay,URY,2014,2.0,98.0,False,False,False,0.02247191011235955,0.02247191011235955
1944,Uruguay,URY,2015,1.0,99.0,False,False,False,0.011235955056179775,0.011235955056179775
1945,Uruguay,URY,2016,1.0,99.0,False,False,False,0.011235955056179775,0.011235955056179775
1946,Uruguay,URY,2017,1.0,99.0,False,False,False,0.011235955056179775,0.011235955056179775
1947,Uruguay,URY,2018,1.0,99.0,False,False,False,0.011235955056179775,0.011235955056179775
1948,Uruguay,URY,2019,1.0,99.0,False,False,False,0.011235955056179775,0.011235955056179775
1949,Uruguay,URY,2022,1.0,99.0,False,False,False,0.011235955056179775,0.011235955056179775
1950,Uzbekistan,UZB,2000,1.0,99.0,False,False,False,0.011235955056179775,0.011235955056179775
1951,Uzbekistan,UZB,2013,0.0,100.0,False,False,False,0.0,0.0
1952,Uzbekistan,UZB,2014,0.0,100.0,False,False,False,0.0,0.0
1953,Uzbekistan,UZB,2015,0.0,100.0,False,False,False,0.0,0.0
1954,Uzbekistan,UZB,2016,0.0,100.0,False,False,False,0.0,0.0
1955,Uzbekistan,UZB,2018,0.0,100.0,False,False,False,0.0,0.0
1956,Uzbekistan,UZB,2019,0.0,100.0,False,False,False,0.0,0.0
1957,Uzbekistan,UZB,2021,0.0,100.0,False,False,False,0.0,0.0
1958,Uzbekistan,UZB,2022,0.0,100.0,False,False,False,0.0,0.0
1961,Vanuatu,VUT,1999,26.0,74.0,False,False,False,0.29213483146067415,0.29213483146067415
1962,Vanuatu,VUT,2023,12.0396805,87.96032,False,False,False,0.13527730898876403,0.13527730898876403
1965,Venezuela,VEN,1990,10.0,90.0,False,False,False,0.11235955056179775,0.11235955056179775
1966,Venezuela,VEN,2001,7.0,93.0,False,False,False,0.07865168539325842,0.07865168539325842
1967,Venezuela,VEN,2007,5.0,95.0,False,False,False,0.056179775280898875,0.056179775280898875
1968,Venezuela,VEN,2009,4.0,96.0,False,False,False,0.0449438202247191,0.0449438202247191
1969,Venezuela,VEN,2011,5.0,95.0,False,False,False,0.056179775280898875,0.056179775280898875
1970,Venezuela,VEN,2015,3.0,97.0,False,False,False,0.033707865168539325,0.033707865168539325
1971,Venezuela,VEN,2016,3.0,97.0,False,False,False,0.033707865168539325,0.033707865168539325
1975,Vietnam,VNM,1999,10.0,90.0,False,False,False,0.11235955056179775,0.11235955056179775
1976,Vietnam,VNM,2000,10.0,90.0,False,False,False,0.11235955056179775,0.11235955056179775
1977,Vietnam,VNM,2009,6.0,94.0,False,False,False,0.06741573033707865,0.06741573033707865
1978,Vietnam,VNM,2019,4.0,96.0,False,False,False,0.0449438202247191,0.0449438202247191
1979,Vietnam,VNM,2022,4.0,96.0,False,False,False,0.0449438202247191,0.0449438202247191
2044,Yemen,YEM,1994,63.0,37.0,False,True,True,0.7078651685393258,0.7078651685393258
2049,Zambia,ZMB,1990,35.0,65.0,False,False,False,0.3932584269662921,0.3932584269662921
2050,Zambia,ZMB,1999,32.0,68.0,False,False,False,0.3595505617977528,0.3595505617977528
2051,Zambia,ZMB,2002,31.0,69.0,False,False,False,0.348314606741573,0.348314606741573
2052,Zambia,ZMB,2010,17.0,83.0,False,False,False,0.19101123595505617,0.19101123595505617
2053,Zambia,ZMB,2018,28.867699,71.1323,False,False,False,0.32435616853932586,0.32435616853932586
2057,Zimbabwe,ZWE,1992,16.0,84.0,False,False,False,0.1797752808988764,0.1797752808988764
2058,Zimbabwe,ZWE,2019,6.7724533,93.22755,False,False,False,0.0760949808988764,0.0760949808988764
