,coin_id,timestamp,price
0,bitcoin,1737936000000,102552.24874280207
1,bitcoin,1738022400000,101958.46953745594
2,bitcoin,1738108800000,101313.11264498268
3,bitcoin,1738195200000,103718.97939813645
4,bitcoin,1738281600000,104781.5135100103
5,bitcoin,1738368000000,102382.39409722165
6,bitcoin,1738454400000,100674.78762544956
7,bitcoin,1738540800000,97568.31653024875
8,bitcoin,1738627200000,101466.8606657039
9,bitcoin,1738713600000,98118.43921664466
10,bitcoin,1738800000000,96582.88682919052
11,bitcoin,1738886400000,96635.41875332211
12,bitcoin,1738972800000,96558.4563096667
13,bitcoin,1739059200000,96558.23762501091
14,bitcoin,1739145600000,96548.57865379585
15,bitcoin,1739232000000,97399.98161383197
16,bitcoin,1739318400000,95739.97737079239
17,bitcoin,1739404800000,97836.18856127483
18,bitcoin,1739491200000,96561.6639990985
19,bitcoin,1739577600000,97488.48148536457
20,bitcoin,1739664000000,97569.95169430465
21,bitcoin,1739750400000,96149.3484548204
22,bitcoin,1739836800000,95776.15723852723
23,bitcoin,1739923200000,95495.89153299287
24,bitcoin,1740009600000,96554.87156259285
25,bitcoin,1740096000000,98384.31738240314
26,bitcoin,1740182400000,96135.15541305285
27,bitcoin,1740268800000,96564.15414290235
28,bitcoin,1740355200000,96327.46309127835
29,bitcoin,1740441600000,91396.76686930266
30,bitcoin,1740528000000,88755.7693356979
31,bitcoin,1740614400000,83900.11496524839
32,bitcoin,1740700800000,84709.14477847965
33,bitcoin,1740787200000,84441.9012237131
34,bitcoin,1740873600000,86005.25629681018
35,bitcoin,1740960000000,94261.53286538439
36,bitcoin,1741046400000,86124.71418722175
37,bitcoin,1741132800000,87310.80531078295
38,bitcoin,1741219200000,90604.08098523637
39,bitcoin,1741305600000,90001.40087607042
40,bitcoin,1741392000000,86773.33597555371
41,bitcoin,1741478400000,86142.9833586432
42,bitcoin,1741564800000,80751.13893300897
43,bitcoin,1741651200000,78783.94057934263
44,bitcoin,1741737600000,82799.1080292053
45,bitcoin,1741824000000,83884.24578828987
46,bitcoin,1741910400000,81098.90052436228
47,bitcoin,1741996800000,83971.70916064628
48,bitcoin,1742083200000,84391.69087647168
49,bitcoin,1742169600000,82610.61750343916
50,bitcoin,1742256000000,84075.36559694471
51,bitcoin,1742342400000,82780.03048688271
52,bitcoin,1742428800000,86815.44109470697
53,bitcoin,1742515200000,84270.84358966233
54,bitcoin,1742601600000,84009.532917822
55,bitcoin,1742688000000,83793.30854192551
56,bitcoin,1742774400000,85787.70914901773
57,bitcoin,1742860800000,87327.72969669085
58,bitcoin,1742947200000,87520.58391530563
59,bitcoin,1743033600000,86960.8555491039
60,bitcoin,1743120000000,87227.27158032371
61,bitcoin,1743206400000,84359.46915506005
62,bitcoin,1743292800000,82679.17255385047
63,bitcoin,1743379200000,82356.38111183756
64,bitcoin,1743465600000,82514.09365397849
65,bitcoin,1743552000000,85237.5876052852
66,bitcoin,1743638400000,82526.4221526433
67,bitcoin,1743724800000,83163.98757387721
68,bitcoin,1743811200000,83852.00765399594
69,bitcoin,1743897600000,83595.88550177493
70,bitcoin,1743984000000,78211.48358199988
71,bitcoin,1744070400000,79179.29226757778
72,bitcoin,1744156800000,76329.090356324
73,bitcoin,1744243200000,82622.17029546302
74,bitcoin,1744329600000,79596.35732250768
75,bitcoin,1744416000000,83439.28818043756
76,bitcoin,1744502400000,85305.09728392666
77,bitcoin,1744588800000,83600.82010054543
78,bitcoin,1744675200000,84523.4524914945
79,bitcoin,1744761600000,83656.49248858042
80,bitcoin,1744848000000,84105.77942167096
81,bitcoin,1744934400000,84930.90857600998
82,bitcoin,1745020800000,84433.75017215389
83,bitcoin,1745107200000,85126.66244301842
84,bitcoin,1745193600000,85073.16544858096
85,bitcoin,1745280000000,87452.04699068287
86,bitcoin,1745366400000,93576.16588573981
87,bitcoin,1745452800000,93605.45230873208
88,bitcoin,1745539200000,93872.81422867288
89,bitcoin,1745625600000,94773.11200643536
90,bitcoin,1745712000000,94644.06637120107
91,bitcoin,1745798400000,93809.33781968223
92,bitcoin,1745884800000,95030.60645474444
93,bitcoin,1745971200000,94256.35946318062
94,bitcoin,1746057600000,94235.75331048167
95,bitcoin,1746144000000,96426.94522273027
96,bitcoin,1746230400000,96855.5681343944
97,bitcoin,1746316800000,95922.86842404422
98,bitcoin,1746403200000,94326.62048529249
99,bitcoin,1746489600000,94758.8237105546
100,bitcoin,1746576000000,96854.53198815876
101,bitcoin,1746662400000,97026.49376966801
102,bitcoin,1746748800000,103076.27555512934
103,bitcoin,1746835200000,102962.54045692299
104,bitcoin,1746921600000,104630.8792994166
105,bitcoin,1747008000000,103994.061616746
106,bitcoin,1747094400000,102876.8304286011
107,bitcoin,1747180800000,104184.49039270742
108,bitcoin,1747267200000,103594.42575090709
109,bitcoin,1747353600000,103708.85136423641
110,bitcoin,1747440000000,103556.03493982446
111,bitcoin,1747526400000,103212.36483885496
112,bitcoin,1747612800000,106030.6376831359
113,bitcoin,1747699200000,105629.41580436694
114,bitcoin,1747785600000,106786.71995834043
115,bitcoin,1747872000000,109665.86371625263
116,bitcoin,1747958400000,111560.356938144
117,bitcoin,1748044800000,107216.66856870624
118,bitcoin,1748131200000,107831.36374380375
119,bitcoin,1748217600000,108861.81037744327
120,bitcoin,1748304000000,109377.71513263129
121,bitcoin,1748390400000,109068.45694901445
122,bitcoin,1748476800000,107838.18431100152
123,bitcoin,1748563200000,105745.41660358038
124,bitcoin,1748649600000,104010.91956242644
125,bitcoin,1748736000000,104687.50742934884
126,bitcoin,1748822400000,105710.00593822816
127,bitcoin,1748908800000,105884.74263221149
128,bitcoin,1748995200000,105434.47745144971
129,bitcoin,1749081600000,104812.9182188067
130,bitcoin,1749168000000,101650.7387545425
131,bitcoin,1749254400000,104409.74967959142
132,bitcoin,1749340800000,105681.4546141758
133,bitcoin,1749427200000,105692.24740699006
134,bitcoin,1749513600000,110261.57485948496
135,bitcoin,1749600000000,110212.73252109604
136,bitcoin,1749686400000,108679.9760916168
137,bitcoin,1749772800000,105979.22902375912
138,bitcoin,1749859200000,106045.56440819203
139,bitcoin,1749945600000,105482.90611628917
140,bitcoin,1750032000000,105554.49383061715
141,bitcoin,1750118400000,106951.2720181497
142,bitcoin,1750204800000,104683.42479835715
143,bitcoin,1750291200000,104722.695052907
144,bitcoin,1750377600000,104690.65002458123
145,bitcoin,1750464000000,103290.105144757
146,bitcoin,1750550400000,101532.5683847329
147,bitcoin,1750636800000,100852.58264648831
148,bitcoin,1750723200000,105511.62437933135
149,bitcoin,1750809600000,105976.06929808448
150,bitcoin,1750896000000,107238.53045016268
151,bitcoin,1750982400000,106984.01253775663
152,bitcoin,1751068800000,107078.91560644074
153,bitcoin,1751155200000,107331.58548463577
154,bitcoin,1751241600000,108396.61631317894
155,bitcoin,1751328000000,107132.79910701896
156,bitcoin,1751414400000,105613.39974163055
157,bitcoin,1751500800000,108824.44423167943
158,bitcoin,1751587200000,109602.20483914016
159,bitcoin,1751673600000,108040.8919400104
160,bitcoin,1751760000000,108217.46849992426
161,bitcoin,1751846400000,109215.19771840284
162,bitcoin,1751932800000,108300.71675785031
163,bitcoin,1752019200000,108953.19187727802
164,bitcoin,1752105600000,111327.53054245669
165,bitcoin,1752192000000,115879.65030112496
166,bitcoin,1752278400000,117571.02510036016
167,bitcoin,1752364800000,117418.95745007684
168,bitcoin,1752451200000,119117.55666327637
169,bitcoin,1752537600000,119833.67446712355
170,bitcoin,1752624000000,117678.19493404306
171,bitcoin,1752710400000,118748.1627367753
172,bitcoin,1752796800000,119445.36520434043
173,bitcoin,1752883200000,117988.94664455787
174,bitcoin,1752969600000,117901.62655900871
175,bitcoin,1753056000000,117256.9208222684
176,bitcoin,1753142400000,117482.46977767294
177,bitcoin,1753228800000,119955.79570607653
178,bitcoin,1753315200000,118629.05588130427
179,bitcoin,1753401600000,118354.43517438594
180,bitcoin,1753488000000,117540.80837085741
181,bitcoin,1753574400000,117959.54234360624
182,bitcoin,1753660800000,119418.91405141471
183,bitcoin,1753747200000,118003.30201607826
184,bitcoin,1753833600000,117853.30892863822
185,bitcoin,1753920000000,117833.24087995925
186,bitcoin,1754006400000,115700.00243915782
187,bitcoin,1754092800000,113234.6051343189
188,bitcoin,1754179200000,112554.90232221723
189,bitcoin,1754265600000,114199.10966460757
190,bitcoin,1754352000000,115138.68613070177
191,bitcoin,1754438400000,114128.35408881678
192,bitcoin,1754524800000,115022.09576830892
193,bitcoin,1754611200000,117463.47451085235
194,bitcoin,1754697600000,116688.36663186055
195,bitcoin,1754784000000,116510.08393213755
196,bitcoin,1754870400000,119266.92516880555
197,bitcoin,1754956800000,118773.79960860992
198,bitcoin,1755043200000,120202.53485503166
199,bitcoin,1755129600000,123560.99363577305
200,bitcoin,1755216000000,118405.59579823953
201,bitcoin,1755302400000,117339.79190213277
202,bitcoin,1755388800000,117501.21653394958
203,bitcoin,1755475200000,117542.83687778088
204,bitcoin,1755561600000,116256.41276740946
205,bitcoin,1755648000000,112778.34483555844
206,bitcoin,1755734400000,114252.39755195397
207,bitcoin,1755820800000,112414.39987336512
208,bitcoin,1755907200000,116834.24948202295
209,bitcoin,1755993600000,115359.98346714744
210,bitcoin,1756080000000,113399.54847314971
211,bitcoin,1756166400000,110185.35443900425
212,bitcoin,1756252800000,111842.70999260596
213,bitcoin,1756339200000,111216.08479629169
214,bitcoin,1756425600000,112525.59740669793
215,bitcoin,1756512000000,108480.30666639366
216,bitcoin,1756598400000,108781.95727925687
217,bitcoin,1756684800000,108253.36092385623
218,bitcoin,1756771200000,109162.68557992298
219,bitcoin,1756857600000,111190.18209845416
220,bitcoin,1756944000000,111711.51977725117
221,bitcoin,1757030400000,110724.736377486
222,bitcoin,1757116800000,110662.18112628513
223,bitcoin,1757203200000,110209.1888247784
224,bitcoin,1757289600000,111131.9923868407
225,bitcoin,1757376000000,112025.12878118771
226,bitcoin,1757462400000,111547.43956434788
227,bitcoin,1757548800000,113975.32489468766
228,bitcoin,1757635200000,115503.16663193036
229,bitcoin,1757721600000,116160.14344594491
230,bitcoin,1757808000000,115970.58488443034
231,bitcoin,1757894400000,115373.55555886829
232,bitcoin,1757980800000,115397.25272727509
233,bitcoin,1758067200000,116762.8496864193
234,bitcoin,1758153600000,116455.94648225319
235,bitcoin,1758240000000,117145.49508952006
236,bitcoin,1758326400000,115655.81046441344
237,bitcoin,1758412800000,115715.51536781774
238,bitcoin,1758499200000,115304.47999407038
239,bitcoin,1758585600000,112696.74101711863
240,bitcoin,1758672000000,112022.16587861195
241,bitcoin,1758758400000,113320.56908541008
242,bitcoin,1758844800000,108963.53013595635
243,bitcoin,1758931200000,109710.20874667744
244,bitcoin,1759017600000,109654.81021075726
245,bitcoin,1759104000000,112142.57362752674
246,bitcoin,1759190400000,114309.15041119447
247,bitcoin,1759276800000,114024.22783550054
248,bitcoin,1759363200000,118503.24451752483
249,bitcoin,1759449600000,120611.71911591051
250,bitcoin,1759536000000,122250.15186842803
251,bitcoin,1759622400000,122380.93708463266
252,bitcoin,1759708800000,123506.18520027678
253,bitcoin,1759795200000,124773.50823074432
254,bitcoin,1759881600000,121518.75593575071
255,bitcoin,1759968000000,123352.50487523204
256,bitcoin,1760054400000,121698.03066778315
257,bitcoin,1760140800000,113201.74064138904
258,bitcoin,1760227200000,110853.11663883903
259,bitcoin,1760313600000,115189.5714637257
260,bitcoin,1760400000000,115222.28302116522
261,bitcoin,1760486400000,113156.56943826913
262,bitcoin,1760572800000,110708.66960879423
263,bitcoin,1760659200000,108076.72862033188
264,bitcoin,1760745600000,106443.61194984635
265,bitcoin,1760832000000,107156.00337647724
266,bitcoin,1760918400000,108621.134857428
267,bitcoin,1761004800000,110608.5714932665
268,bitcoin,1761091200000,108486.10262716639
269,bitcoin,1761177600000,107618.4266715404
270,bitcoin,1761264000000,110048.51827291629
271,bitcoin,1761350400000,110997.80437129698
272,bitcoin,1761436800000,111620.3093731354
273,bitcoin,1761523200000,114476.01227508577
274,bitcoin,1761609600000,114182.79442806762
275,bitcoin,1761696000000,112950.34863259472
276,bitcoin,1761782400000,110046.66925837283
277,bitcoin,1761868800000,108240.76528725718
278,bitcoin,1761955200000,109573.90555629115
279,bitcoin,1762041600000,110014.13556776087
280,bitcoin,1762128000000,110650.2092823146
281,bitcoin,1762214400000,106521.08673825761
282,bitcoin,1762300800000,101635.2740227234
283,bitcoin,1762387200000,103877.95965955159
284,bitcoin,1762473600000,101322.6402945857
285,bitcoin,1762560000000,103396.084215925
286,bitcoin,1762646400000,102290.13714655167
287,bitcoin,1762732800000,104709.67861656273
288,bitcoin,1762819200000,105909.07272321742
289,bitcoin,1762905600000,102960.77564500563
290,bitcoin,1762992000000,101521.70859453593
291,bitcoin,1763078400000,99730.4533956204
292,bitcoin,1763164800000,94456.39368235337
293,bitcoin,1763251200000,95508.31019889197
294,bitcoin,1763337600000,94411.32947182967
295,bitcoin,1763424000000,92036.7255045672
296,bitcoin,1763510400000,92819.75921500899
297,bitcoin,1763596800000,91363.27838693369
298,bitcoin,1763683200000,86649.97257918229
299,bitcoin,1763769600000,85051.8019295002
300,bitcoin,1763856000000,84682.62429147748
301,bitcoin,1763942400000,86783.84766839583
302,bitcoin,1764028800000,88229.35740719768
303,bitcoin,1764115200000,87310.33159950442
304,bitcoin,1764201600000,90474.22677969698
305,bitcoin,1764288000000,91279.06057176423
306,bitcoin,1764374400000,90950.37695910994
307,bitcoin,1764460800000,90841.45258193677
308,bitcoin,1764547200000,90406.28448571145
309,bitcoin,1764633600000,86281.49519776918
310,bitcoin,1764720000000,91344.73275150165
311,bitcoin,1764806400000,93619.43750817103
312,bitcoin,1764892800000,92140.70419795791
313,bitcoin,1764979200000,89307.09154512963
314,bitcoin,1765065600000,89244.7620814118
315,bitcoin,1765152000000,90162.90714007126
316,bitcoin,1765238400000,90618.0535204608
317,bitcoin,1765324800000,92723.21372069631
318,bitcoin,1765411200000,92005.13714957413
319,bitcoin,1765497600000,92494.17691640415
320,bitcoin,1765584000000,90307.26028567803
321,bitcoin,1765670400000,90257.4292885891
322,bitcoin,1765756800000,88230.77409367911
323,bitcoin,1765843200000,86413.9190195637
324,bitcoin,1765929600000,87821.88919109134
325,bitcoin,1766016000000,86064.94716216
326,bitcoin,1766102400000,85450.3312009302
327,bitcoin,1766188800000,88103.86075721023
328,bitcoin,1766275200000,88347.94310567998
329,bitcoin,1766361600000,88577.42038358838
330,bitcoin,1766448000000,88491.12020788102
331,bitcoin,1766534400000,87406.43636737975
332,bitcoin,1766620800000,87642.60888119951
333,bitcoin,1766707200000,87229.78066010943
334,bitcoin,1766793600000,87305.95655961394
335,bitcoin,1766880000000,87807.003210775
336,bitcoin,1766966400000,87822.90829076794
337,bitcoin,1767052800000,87156.56266080117
338,bitcoin,1767139200000,88414.62856073362
339,bitcoin,1767225600000,87520.18048742875
340,bitcoin,1767312000000,88727.67004249741
341,bitcoin,1767398400000,89926.27924953419
342,bitcoin,1767484800000,90593.85443180417
343,bitcoin,1767571200000,91373.21588108438
344,bitcoin,1767657600000,93926.7956485658
345,bitcoin,1767744000000,93666.86387314305
346,bitcoin,1767830400000,91257.15544035907
347,bitcoin,1767916800000,90983.51578142625
348,bitcoin,1768003200000,90504.89560340019
349,bitcoin,1768089600000,90442.01907847001
350,bitcoin,1768176000000,90819.36598904192
351,bitcoin,1768262400000,91134.96917951507
352,bitcoin,1768348800000,95260.4422971001
353,bitcoin,1768435200000,97007.78078881276
354,bitcoin,1768521600000,95584.82797878512
355,bitcoin,1768608000000,95516.07771987123
356,bitcoin,1768694400000,95099.53192554631
357,bitcoin,1768780800000,93752.70577188236
358,bitcoin,1768867200000,92558.46334372147
359,bitcoin,1768953600000,88312.84053255555
360,bitcoin,1769040000000,89354.34377512129
361,bitcoin,1769126400000,89443.39744146909
362,bitcoin,1769212800000,89412.39849953113
363,bitcoin,1769299200000,89170.87364531498
364,bitcoin,1769385600000,86548.32213469829
365,bitcoin,1769409321000,87826.54657131027
366,ethereum,1737936000000,3232.2767744705584
367,ethereum,1738022400000,3173.5346079397173
368,ethereum,1738108800000,3076.4937692857234
369,ethereum,1738195200000,3114.4358854363104
370,ethereum,1738281600000,3248.249484352305
371,ethereum,1738368000000,3296.390634843652
372,ethereum,1738454400000,3125.0386801320924
373,ethereum,1738540800000,2862.6976188716285
374,ethereum,1738627200000,2877.8138239498767
375,ethereum,1738713600000,2740.3809762760143
376,ethereum,1738800000000,2790.5521609256075
377,ethereum,1738886400000,2686.662316793651
378,ethereum,1738972800000,2623.4507017824767
379,ethereum,1739059200000,2635.6011418023404
380,ethereum,1739145600000,2632.5358220552475
381,ethereum,1739232000000,2660.2967996436387
382,ethereum,1739318400000,2603.0333698049267
383,ethereum,1739404800000,2736.2703136032396
384,ethereum,1739491200000,2675.7090007037627
385,ethereum,1739577600000,2724.6698335873957
386,ethereum,1739664000000,2692.8213863864253
387,ethereum,1739750400000,2659.9017474093457
388,ethereum,1739836800000,2741.9050800956124
389,ethereum,1739923200000,2669.4945006896073
390,ethereum,1740009600000,2714.8018364720533
391,ethereum,1740096000000,2741.5933625994785
392,ethereum,1740182400000,2658.3470942919384
393,ethereum,1740268800000,2764.355233404291
394,ethereum,1740355200000,2827.1844084879804
395,ethereum,1740441600000,2503.103420098605
396,ethereum,1740528000000,2495.315451693047
397,ethereum,1740614400000,2325.853934699374
398,ethereum,1740700800000,2305.3229378029837
399,ethereum,1740787200000,2235.204208608959
400,ethereum,1740873600000,2212.8243514969954
401,ethereum,1740960000000,2517.3382391622977
402,ethereum,1741046400000,2148.199533470228
403,ethereum,1741132800000,2171.496943535016
404,ethereum,1741219200000,2241.3841149187283
405,ethereum,1741305600000,2202.3207363495417
406,ethereum,1741392000000,2140.7498089428914
407,ethereum,1741478400000,2199.9995000805707
408,ethereum,1741564800000,2017.265460184326
409,ethereum,1741651200000,1879.1231054991026
410,ethereum,1741737600000,1921.3099227587034
411,ethereum,1741824000000,1910.6551381032464
412,ethereum,1741910400000,1862.7949366490388
413,ethereum,1741996800000,1910.6662703455045
414,ethereum,1742083200000,1939.7856881721348
415,ethereum,1742169600000,1887.7643429692785
416,ethereum,1742256000000,1929.1833577618722
417,ethereum,1742342400000,1932.7964059050657
418,ethereum,1742428800000,2060.728601068271
419,ethereum,1742515200000,1980.831780524645
420,ethereum,1742601600000,1964.5293833168294
421,ethereum,1742688000000,1979.5449257665966
422,ethereum,1742774400000,2001.0470230951883
423,ethereum,1742860800000,2077.739325831977
424,ethereum,1742947200000,2068.598435049149
425,ethereum,1743033600000,2009.8835432902426
426,ethereum,1743120000000,2003.3034241292064
427,ethereum,1743206400000,1896.9173600459985
428,ethereum,1743292800000,1829.2745211803463
429,ethereum,1743379200000,1805.3378779435934
430,ethereum,1743465600000,1824.2071367609847
431,ethereum,1743552000000,1907.1671522994227
432,ethereum,1743638400000,1795.761850567479
433,ethereum,1743724800000,1818.2844199542053
434,ethereum,1743811200000,1814.4807753449506
435,ethereum,1743897600000,1809.935827172196
436,ethereum,1743984000000,1574.6321611455576
437,ethereum,1744070400000,1555.909812570873
438,ethereum,1744156800000,1471.3608854365523
439,ethereum,1744243200000,1662.5331604641576
440,ethereum,1744329600000,1523.928624242526
441,ethereum,1744416000000,1568.131690125936
442,ethereum,1744502400000,1645.8625733156498
443,ethereum,1744588800000,1595.4227460001084
444,ethereum,1744675200000,1621.543195596693
445,ethereum,1744761600000,1587.8222244021401
446,ethereum,1744848000000,1577.7073516760117
447,ethereum,1744934400000,1583.4764497002345
448,ethereum,1745020800000,1589.1516208270755
449,ethereum,1745107200000,1615.0502549158562
450,ethereum,1745193600000,1585.4600253443446
451,ethereum,1745280000000,1577.4465595922347
452,ethereum,1745366400000,1759.7064599311093
453,ethereum,1745452800000,1793.969849485534
454,ethereum,1745539200000,1769.3925107354407
455,ethereum,1745625600000,1788.7981804331257
456,ethereum,1745712000000,1821.2695303291391
457,ethereum,1745798400000,1793.6918440730135
458,ethereum,1745884800000,1799.50191449199
459,ethereum,1745971200000,1796.9720456768928
460,ethereum,1746057600000,1794.0495408617828
461,ethereum,1746144000000,1838.8543285925753
462,ethereum,1746230400000,1841.427590836958
463,ethereum,1746316800000,1834.501911876416
464,ethereum,1746403200000,1808.156093844096
465,ethereum,1746489600000,1820.0044598893596
466,ethereum,1746576000000,1816.1686943818438
467,ethereum,1746662400000,1810.3169269284476
468,ethereum,1746748800000,2197.5611893238784
469,ethereum,1746835200000,2341.407963002621
470,ethereum,1746921600000,2583.6829051429513
471,ethereum,1747008000000,2507.4693107597423
472,ethereum,1747094400000,2492.426391077375
473,ethereum,1747180800000,2676.639163127913
474,ethereum,1747267200000,2603.7180887199615
475,ethereum,1747353600000,2542.296692466797
476,ethereum,1747440000000,2544.3870377235667
477,ethereum,1747526400000,2475.0543933696913
478,ethereum,1747612800000,2465.3409856139087
479,ethereum,1747699200000,2526.989643891319
480,ethereum,1747785600000,2524.2743433146065
481,ethereum,1747872000000,2558.9502343769486
482,ethereum,1747958400000,2657.1674447566115
483,ethereum,1748044800000,2519.813809045145
484,ethereum,1748131200000,2529.4429842284353
485,ethereum,1748217600000,2546.6201163370915
486,ethereum,1748304000000,2562.1729286392238
487,ethereum,1748390400000,2662.0940568241435
488,ethereum,1748476800000,2676.2674124507
489,ethereum,1748563200000,2633.1392065286695
490,ethereum,1748649600000,2524.4762348050726
491,ethereum,1748736000000,2532.3627853090866
492,ethereum,1748822400000,2538.3300584367485
493,ethereum,1748908800000,2609.737253959435
494,ethereum,1748995200000,2595.4689570062997
495,ethereum,1749081600000,2610.343189828259
496,ethereum,1749168000000,2421.601103763502
497,ethereum,1749254400000,2481.4039836690267
498,ethereum,1749340800000,2526.291995889778
499,ethereum,1749427200000,2508.784123584585
500,ethereum,1749513600000,2685.0001850413178
501,ethereum,1749600000000,2808.503208314919
502,ethereum,1749686400000,2776.1371915822333
503,ethereum,1749772800000,2653.158968452672
504,ethereum,1749859200000,2577.04861752583
505,ethereum,1749945600000,2534.0702195359518
506,ethereum,1750032000000,2547.8456040920437
507,ethereum,1750118400000,2561.329843569428
508,ethereum,1750204800000,2514.986700576147
509,ethereum,1750291200000,2521.3334233964915
510,ethereum,1750377600000,2522.1791903642184
511,ethereum,1750464000000,2405.695434213183
512,ethereum,1750550400000,2270.581996055585
513,ethereum,1750636800000,2227.4287266371684
514,ethereum,1750723200000,2423.899644268608
515,ethereum,1750809600000,2446.539301545049
516,ethereum,1750896000000,2417.2267855277296
517,ethereum,1750982400000,2415.031864876594
518,ethereum,1751068800000,2423.0302896731746
519,ethereum,1751155200000,2437.133001780241
520,ethereum,1751241600000,2502.6672721177083
521,ethereum,1751328000000,2488.190781689803
522,ethereum,1751414400000,2405.1045592800183
523,ethereum,1751500800000,2574.067718495133
524,ethereum,1751587200000,2590.132231590221
525,ethereum,1751673600000,2509.236345783362
526,ethereum,1751760000000,2517.37917835065
527,ethereum,1751846400000,2571.358192115984
528,ethereum,1751932800000,2543.6317028067488
529,ethereum,1752019200000,2615.7759888945047
530,ethereum,1752105600000,2772.5795626609174
531,ethereum,1752192000000,2948.4462027029053
532,ethereum,1752278400000,2958.8514450990992
533,ethereum,1752364800000,2942.9616055388096
534,ethereum,1752451200000,2974.2654952333387
535,ethereum,1752537600000,3012.1797069059276
536,ethereum,1752624000000,3133.069857747011
537,ethereum,1752710400000,3368.126521526108
538,ethereum,1752796800000,3481.8828152374017
539,ethereum,1752883200000,3547.317079001209
540,ethereum,1752969600000,3594.3185010809702
541,ethereum,1753056000000,3758.605581813957
542,ethereum,1753142400000,3765.453624023574
543,ethereum,1753228800000,3746.9406687316323
544,ethereum,1753315200000,3630.053531480921
545,ethereum,1753401600000,3708.4299352383423
546,ethereum,1753488000000,3723.0529092785596
547,ethereum,1753574400000,3742.4314258659915
548,ethereum,1753660800000,3864.1248374654765
549,ethereum,1753747200000,3786.303845995956
550,ethereum,1753833600000,3788.5983716058226
551,ethereum,1753920000000,3807.4166010824188
552,ethereum,1754006400000,3696.6628530851194
553,ethereum,1754092800000,3483.1789551579504
554,ethereum,1754179200000,3397.4855484143177
555,ethereum,1754265600000,3497.573127822404
556,ethereum,1754352000000,3715.7090148550706
557,ethereum,1754438400000,3612.442432236669
558,ethereum,1754524800000,3684.0459195726726
559,ethereum,1754611200000,3911.2609462690816
560,ethereum,1754697600000,4012.97697001236
561,ethereum,1754784000000,4265.563258333516
562,ethereum,1754870400000,4253.591618951185
563,ethereum,1754956800000,4228.824213261163
564,ethereum,1755043200000,4606.809427709522
565,ethereum,1755129600000,4763.652535322159
566,ethereum,1755216000000,4554.291501538621
567,ethereum,1755302400000,4430.532465017841
568,ethereum,1755388800000,4426.826913311333
569,ethereum,1755475200000,4487.118013759226
570,ethereum,1755561600000,4317.2757573282315
571,ethereum,1755648000000,4074.495786100515
572,ethereum,1755734400000,4330.491598768078
573,ethereum,1755820800000,4224.438592580698
574,ethereum,1755907200000,4829.225541798332
575,ethereum,1755993600000,4773.884088598777
576,ethereum,1756080000000,4778.10916071381
577,ethereum,1756166400000,4381.626176071471
578,ethereum,1756252800000,4602.369685333965
579,ethereum,1756339200000,4500.1451479982325
580,ethereum,1756425600000,4507.560431032719
581,ethereum,1756512000000,4364.358521430426
582,ethereum,1756598400000,4373.360357620914
583,ethereum,1756684800000,4388.931464519364
584,ethereum,1756771200000,4303.202222745541
585,ethereum,1756857600000,4325.856306225941
586,ethereum,1756944000000,4449.8670977283255
587,ethereum,1757030400000,4298.094660544595
588,ethereum,1757116800000,4306.613513100346
589,ethereum,1757203200000,4273.110024157841
590,ethereum,1757289600000,4304.032421076036
591,ethereum,1757376000000,4309.685702772004
592,ethereum,1757462400000,4309.342746120013
593,ethereum,1757548800000,4347.476803670656
594,ethereum,1757635200000,4459.31901599882
595,ethereum,1757721600000,4708.841744149995
596,ethereum,1757808000000,4667.699652630318
597,ethereum,1757894400000,4609.786110950785
598,ethereum,1757980800000,4524.244939102515
599,ethereum,1758067200000,4504.266635522813
600,ethereum,1758153600000,4591.768794331328
601,ethereum,1758240000000,4590.6367372135155
602,ethereum,1758326400000,4470.479474009387
603,ethereum,1758412800000,4481.799472368209
604,ethereum,1758499200000,4452.87113037789
605,ethereum,1758585600000,4199.951774017639
606,ethereum,1758672000000,4166.1905498775295
607,ethereum,1758758400000,4148.65682762035
608,ethereum,1758844800000,3863.0632875907245
609,ethereum,1758931200000,4037.0979210260916
610,ethereum,1759017600000,4018.167453105732
611,ethereum,1759104000000,4141.839664086501
612,ethereum,1759190400000,4215.61278947927
613,ethereum,1759276800000,4144.230463371581
614,ethereum,1759363200000,4343.951983440489
615,ethereum,1759449600000,4484.006245909478
616,ethereum,1759536000000,4515.759068159723
617,ethereum,1759622400000,4487.706651673285
618,ethereum,1759708800000,4515.321391965295
619,ethereum,1759795200000,4689.131734746596
620,ethereum,1759881600000,4454.32846286666
621,ethereum,1759968000000,4527.578004547945
622,ethereum,1760054400000,4368.649439385323
623,ethereum,1760140800000,3835.632842050135
624,ethereum,1760227200000,3749.218185954949
625,ethereum,1760313600000,4159.729307791921
626,ethereum,1760400000000,4246.217461554773
627,ethereum,1760486400000,4128.888447033946
628,ethereum,1760572800000,3983.1544356894233
629,ethereum,1760659200000,3890.1993012479857
630,ethereum,1760745600000,3831.244175835675
631,ethereum,1760832000000,3889.4990302043157
632,ethereum,1760918400000,3985.0765644046796
633,ethereum,1761004800000,3978.7901551344357
634,ethereum,1761091200000,3877.4871979550117
635,ethereum,1761177600000,3801.7907952382916
636,ethereum,1761264000000,3855.8421162401205
637,ethereum,1761350400000,3933.232269901015
638,ethereum,1761436800000,3952.213557935584
639,ethereum,1761523200000,4161.590896249249
640,ethereum,1761609600000,4123.206220671679
641,ethereum,1761696000000,3982.3127893175442
642,ethereum,1761782400000,3897.359267616961
643,ethereum,1761868800000,3802.2953645331804
644,ethereum,1761955200000,3847.298177365196
645,ethereum,1762041600000,3872.2118961957594
646,ethereum,1762128000000,3910.0947691627284
647,ethereum,1762214400000,3600.71550248779
648,ethereum,1762300800000,3296.7437604313104
649,ethereum,1762387200000,3427.6905913706814
650,ethereum,1762473600000,3308.918164921951
651,ethereum,1762560000000,3434.3512285299594
652,ethereum,1762646400000,3401.4594003397083
653,ethereum,1762732800000,3576.2547046627064
654,ethereum,1762819200000,3564.6105957999334
655,ethereum,1762905600000,3416.781328259322
656,ethereum,1762992000000,3409.6144555411624
657,ethereum,1763078400000,3235.7276362968546
658,ethereum,1763164800000,3106.601287865052
659,ethereum,1763251200000,3170.1129807404664
660,ethereum,1763337600000,3101.686799467
661,ethereum,1763424000000,3021.3021576301335
662,ethereum,1763510400000,3117.2225871583155
663,ethereum,1763596800000,3017.7483614097955
664,ethereum,1763683200000,2832.068358334293
665,ethereum,1763769600000,2764.735218675169
666,ethereum,1763856000000,2768.6178294996353
667,ethereum,1763942400000,2799.8149340924633
668,ethereum,1764028800000,2953.327645752226
669,ethereum,1764115200000,2955.046469321271
670,ethereum,1764201600000,3027.477249132549
671,ethereum,1764288000000,3015.6118196920934
672,ethereum,1764374400000,3033.135645414151
673,ethereum,1764460800000,2991.2330117032593
674,ethereum,1764547200000,2992.8341859495977
675,ethereum,1764633600000,2799.0367919901605
676,ethereum,1764720000000,2995.751149322771
677,ethereum,1764806400000,3195.4089919085554
678,ethereum,1764892800000,3133.698235618616
679,ethereum,1764979200000,3022.6564205232035
680,ethereum,1765065600000,3039.358573133242
681,ethereum,1765152000000,3052.976330436545
682,ethereum,1765238400000,3125.321462183988
683,ethereum,1765324800000,3322.469217836626
684,ethereum,1765411200000,3326.260211637518
685,ethereum,1765497600000,3236.0986208578574
686,ethereum,1765584000000,3085.316694358101
687,ethereum,1765670400000,3115.225428835284
688,ethereum,1765756800000,3065.4912355563642
689,ethereum,1765843200000,2964.488557692104
690,ethereum,1765929600000,2964.2627915054686
691,ethereum,1766016000000,2827.8041755024283
692,ethereum,1766102400000,2826.5948465107654
693,ethereum,1766188800000,2976.796869557769
694,ethereum,1766275200000,2977.162263207443
695,ethereum,1766361600000,3001.6008377810244
696,ethereum,1766448000000,3005.786780691547
697,ethereum,1766534400000,2965.193660040505
698,ethereum,1766620800000,2945.9878145019857
699,ethereum,1766707200000,2904.252344599994
700,ethereum,1766793600000,2926.695639112761
701,ethereum,1766880000000,2948.8621262576116
702,ethereum,1766966400000,2947.8597605720547
703,ethereum,1767052800000,2934.215601758931
704,ethereum,1767139200000,2970.055474481003
705,ethereum,1767225600000,2966.7741798134107
706,ethereum,1767312000000,3000.4191168879165
707,ethereum,1767398400000,3121.9006724537576
708,ethereum,1767484800000,3126.041091396286
709,ethereum,1767571200000,3139.057041912684
710,ethereum,1767657600000,3228.2962247842056
711,ethereum,1767744000000,3295.101927879638
712,ethereum,1767830400000,3164.794750249208
713,ethereum,1767916800000,3104.220322474917
714,ethereum,1768003200000,3083.1361173724354
715,ethereum,1768089600000,3082.9653288303607
716,ethereum,1768176000000,3119.3619360372772
717,ethereum,1768262400000,3090.2827206647894
718,ethereum,1768348800000,3319.9354070565078
719,ethereum,1768435200000,3356.4964063628336
720,ethereum,1768521600000,3318.2037023491666
721,ethereum,1768608000000,3296.062650076136
722,ethereum,1768694400000,3306.8712226908783
723,ethereum,1768780800000,3284.3194316465483
724,ethereum,1768867200000,3185.6644636922747
725,ethereum,1768953600000,2935.6234193160412
726,ethereum,1769040000000,2976.0491465641335
727,ethereum,1769126400000,2948.277889615024
728,ethereum,1769212800000,2950.9128485703054
729,ethereum,1769299200000,2949.197384616335
730,ethereum,1769385600000,2814.1853835458546
731,ethereum,1769409321000,2877.6485466691825
732,tether,1737936000000,0.9996182150055418
733,tether,1738022400000,0.9998793042646281
734,tether,1738108800000,0.9993868651783552
735,tether,1738195200000,0.9999851070048339
736,tether,1738281600000,1.0000920569534553
737,tether,1738368000000,0.9997106059886262
738,tether,1738454400000,0.9997524373355153
739,tether,1738540800000,0.9997188116003191
740,tether,1738627200000,1.0010450921652347
741,tether,1738713600000,1.000261479065075
742,tether,1738800000000,1.0000490560981923
743,tether,1738886400000,1.0000773661564972
744,tether,1738972800000,1.0002013848683518
745,tether,1739059200000,1.0000525933192037
746,tether,1739145600000,1.0001707328493536
747,tether,1739232000000,1.0001766843203037
748,tether,1739318400000,0.9998416429553479
749,tether,1739404800000,1.0000267749335803
750,tether,1739491200000,1.0000784910750329
751,tether,1739577600000,1.0000596582720735
752,tether,1739664000000,1.000153614407417
753,tether,1739750400000,1.0000518966375653
754,tether,1739836800000,0.9999438244956202
755,tether,1739923200000,0.9993962090058426
756,tether,1740009600000,0.9999000749968987
757,tether,1740096000000,1.0001586048382205
758,tether,1740182400000,0.9993985641805645
759,tether,1740268800000,1.0000639024468476
760,tether,1740355200000,0.9999829434393588
761,tether,1740441600000,0.9997259292030104
762,tether,1740528000000,0.9989297727310723
763,tether,1740614400000,0.9985319980806387
764,tether,1740700800000,0.9990511222032294
765,tether,1740787200000,0.9994450907291423
766,tether,1740873600000,0.9996008408280193
767,tether,1740960000000,1.0000712083606202
768,tether,1741046400000,0.9992530350286802
769,tether,1741132800000,0.9997747181371494
770,tether,1741219200000,0.9999746197251654
771,tether,1741305600000,1.000018773779285
772,tether,1741392000000,0.9995706677016682
773,tether,1741478400000,0.9996766806828237
774,tether,1741564800000,0.9996936236619807
775,tether,1741651200000,0.9993765282172375
776,tether,1741737600000,0.9997313886240716
777,tether,1741824000000,0.9997426862936465
778,tether,1741910400000,0.999535469471366
779,tether,1741996800000,1.00000939408902
780,tether,1742083200000,1.0000189048893415
781,tether,1742169600000,0.9999001217350174
782,tether,1742256000000,0.9999317742810434
783,tether,1742342400000,0.9997951704482085
784,tether,1742428800000,1.0002512445330827
785,tether,1742515200000,0.9994043292054364
786,tether,1742601600000,0.9996326144792497
787,tether,1742688000000,0.9998312897865619
788,tether,1742774400000,0.9999640741708669
789,tether,1742860800000,1.0001710876347953
790,tether,1742947200000,1.0001682617664287
791,tether,1743033600000,1.0000800620713957
792,tether,1743120000000,0.9997458571858368
793,tether,1743206400000,0.9995155167001366
794,tether,1743292800000,0.9996714495604069
795,tether,1743379200000,0.9997883719976657
796,tether,1743465600000,0.9997998177062254
797,tether,1743552000000,0.9999825753524252
798,tether,1743638400000,0.9997656585778126
799,tether,1743724800000,0.9995717120873867
800,tether,1743811200000,0.9996464752028551
801,tether,1743897600000,0.9996046941096939
802,tether,1743984000000,0.9991203233591898
803,tether,1744070400000,0.9995898515694867
804,tether,1744156800000,0.9990462655067889
805,tether,1744243200000,0.9997621498962729
806,tether,1744329600000,0.9994140897807697
807,tether,1744416000000,0.9995302194711758
808,tether,1744502400000,0.9998949278588121
809,tether,1744588800000,0.9997121178272996
810,tether,1744675200000,0.999933424815005
811,tether,1744761600000,0.9999497641798489
812,tether,1744848000000,1.000002611700067
813,tether,1744934400000,1.00000586634771
814,tether,1745020800000,0.9998455446122065
815,tether,1745107200000,0.9999083639300109
816,tether,1745193600000,0.9999760948031948
817,tether,1745280000000,1.0000096563092031
818,tether,1745366400000,1.0004298063652504
819,tether,1745452800000,1.0003852686057302
820,tether,1745539200000,1.0003890021201753
821,tether,1745625600000,1.0006110387102658
822,tether,1745712000000,1.0003249262539928
823,tether,1745798400000,1.00033375492636
824,tether,1745884800000,1.0002202294721647
825,tether,1745971200000,1.0002713897319473
826,tether,1746057600000,1.000085396458574
827,tether,1746144000000,1.0002902932609476
828,tether,1746230400000,1.0003720380689882
829,tether,1746316800000,1.0002291163925612
830,tether,1746403200000,1.0000388198237913
831,tether,1746489600000,0.9999183177679312
832,tether,1746576000000,0.9999414709946485
833,tether,1746662400000,1.0001813000419701
834,tether,1746748800000,0.9999326461630238
835,tether,1746835200000,1.0000674187168492
836,tether,1746921600000,1.000084338434013
837,tether,1747008000000,1.0001889600333305
838,tether,1747094400000,1.0000362715451414
839,tether,1747180800000,1.0001320179941608
840,tether,1747267200000,1.0001635958929476
841,tether,1747353600000,1.000133593656696
842,tether,1747440000000,1.0002154837976236
843,tether,1747526400000,1.0003034339013903
844,tether,1747612800000,1.0003100276018133
845,tether,1747699200000,1.0002580445896923
846,tether,1747785600000,1.0002557843757724
847,tether,1747872000000,1.0003630194083748
848,tether,1747958400000,1.0001861220516468
849,tether,1748044800000,1.000092076028757
850,tether,1748131200000,1.0002022766014327
851,tether,1748217600000,1.0003417873168594
852,tether,1748304000000,1.0002640914987955
853,tether,1748390400000,1.0004200223221857
854,tether,1748476800000,1.0001814586820421
855,tether,1748563200000,0.9999495541528401
856,tether,1748649600000,1.000247715130016
857,tether,1748736000000,1.0003264594318246
858,tether,1748822400000,1.0003716820883177
859,tether,1748908800000,1.0003849075983908
860,tether,1748995200000,1.0005530007046008
861,tether,1749081600000,1.0004200584852525
862,tether,1749168000000,1.000360290202957
863,tether,1749254400000,1.0006511503587576
864,tether,1749340800000,1.000430700769271
865,tether,1749427200000,1.0003473899852149
866,tether,1749513600000,1.000286795454842
867,tether,1749600000000,1.00006453655806
868,tether,1749686400000,1.0001404992361649
869,tether,1749772800000,1.0002698057743862
870,tether,1749859200000,1.00031779192818
871,tether,1749945600000,1.0003010126168363
872,tether,1750032000000,1.0000315872512937
873,tether,1750118400000,1.000366762933256
874,tether,1750204800000,1.0000213122909019
875,tether,1750291200000,1.0001544327405687
876,tether,1750377600000,1.0000575884313008
877,tether,1750464000000,1.000016779381578
878,tether,1750550400000,1.0001771868169653
879,tether,1750636800000,1.0001760035164122
880,tether,1750723200000,1.0005680858193842
881,tether,1750809600000,1.0004180868065167
882,tether,1750896000000,1.0004815192680219
883,tether,1750982400000,1.000347010938295
884,tether,1751068800000,1.0003368979263507
885,tether,1751155200000,1.0002750130398774
886,tether,1751241600000,1.000122333337896
887,tether,1751328000000,1.000208290221961
888,tether,1751414400000,1.0000827770589626
889,tether,1751500800000,1.0003296838512101
890,tether,1751587200000,1.0002529231468722
891,tether,1751673600000,1.0002100728429393
892,tether,1751760000000,1.000160308294955
893,tether,1751846400000,1.000049609924067
894,tether,1751932800000,1.0000093156866026
895,tether,1752019200000,1.0001143731514475
896,tether,1752105600000,1.0002437201767664
897,tether,1752192000000,1.000020355197814
898,tether,1752278400000,1.0002379276948352
899,tether,1752364800000,1.0002185609712217
900,tether,1752451200000,1.0002981074921349
901,tether,1752537600000,1.0001190394259274
902,tether,1752624000000,1.0000324475220275
903,tether,1752710400000,1.000413034018476
904,tether,1752796800000,1.0005948487774843
905,tether,1752883200000,1.0005121935682277
906,tether,1752969600000,1.000442922095366
907,tether,1753056000000,1.0003982951451216
908,tether,1753142400000,1.0003253410311788
909,tether,1753228800000,1.0003683807421098
910,tether,1753315200000,1.0003665884315096
911,tether,1753401600000,1.000405404581935
912,tether,1753488000000,1.00001857339078
913,tether,1753574400000,1.0002304819882168
914,tether,1753660800000,1.0002490520064742
915,tether,1753747200000,0.9999392300020177
916,tether,1753833600000,0.9997850775942497
917,tether,1753920000000,0.9999018266880995
918,tether,1754006400000,0.9998539683378429
919,tether,1754092800000,0.9995568348474042
920,tether,1754179200000,0.9997523208388738
921,tether,1754265600000,1.0000266512366076
922,tether,1754352000000,0.9999181073304267
923,tether,1754438400000,0.9999170725091329
924,tether,1754524800000,1.0001797713784089
925,tether,1754611200000,1.0001389419384314
926,tether,1754697600000,1.000030992245778
927,tether,1754784000000,1.000168794164386
928,tether,1754870400000,1.0000602590857817
929,tether,1754956800000,0.9999829869476258
930,tether,1755043200000,0.9997296050669174
931,tether,1755129600000,1.0002440820198915
932,tether,1755216000000,1.0006696117747134
933,tether,1755302400000,1.0006533939618045
934,tether,1755388800000,1.0005920553104726
935,tether,1755475200000,1.0006410132241819
936,tether,1755561600000,1.000442851117242
937,tether,1755648000000,0.9998945359369547
938,tether,1755734400000,1.0000788444692659
939,tether,1755820800000,0.9997761693543452
940,tether,1755907200000,0.9996892446667663
941,tether,1755993600000,0.9996401483071974
942,tether,1756080000000,0.9999390681762844
943,tether,1756166400000,1.00018714745014
944,tether,1756252800000,1.0001891801825256
945,tether,1756339200000,1.000105476419362
946,tether,1756425600000,1.00011769867452
947,tether,1756512000000,1.0002180919460786
948,tether,1756598400000,1.0002107070247845
949,tether,1756684800000,1.0001597516639043
950,tether,1756771200000,1.0000806360780041
951,tether,1756857600000,1.00001687329654
952,tether,1756944000000,1.0003823316647011
953,tether,1757030400000,1.0001348551398812
954,tether,1757116800000,1.0001833753079745
955,tether,1757203200000,1.0003779524697336
956,tether,1757289600000,1.0000219843383196
957,tether,1757376000000,1.0000579293134815
958,tether,1757462400000,1.000053656224186
959,tether,1757548800000,1.0002971138909202
960,tether,1757635200000,1.000373133913673
961,tether,1757721600000,1.0006552383716873
962,tether,1757808000000,1.0005703979160467
963,tether,1757894400000,1.0006522223972127
964,tether,1757980800000,1.000306655432184
965,tether,1758067200000,1.00030329934126
966,tether,1758153600000,1.0003279335572053
967,tether,1758240000000,1.000345821394593
968,tether,1758326400000,1.0004389455936578
969,tether,1758412800000,1.0004519233234754
970,tether,1758499200000,1.0003996998579925
971,tether,1758585600000,1.0008149369072938
972,tether,1758672000000,1.00020622908386
973,tether,1758758400000,1.0003361332268497
974,tether,1758844800000,1.000460775694293
975,tether,1758931200000,1.0005543213798342
976,tether,1759017600000,1.0004491881555393
977,tether,1759104000000,1.0003198218515963
978,tether,1759190400000,1.0005010520102045
979,tether,1759276800000,1.000018673481624
980,tether,1759363200000,1.000462448524064
981,tether,1759449600000,1.000503503415681
982,tether,1759536000000,1.000544000815825
983,tether,1759622400000,1.0003463641728818
984,tether,1759708800000,1.0002063425022278
985,tether,1759795200000,1.0003194654260557
986,tether,1759881600000,1.0003888166736086
987,tether,1759968000000,1.000223743804291
988,tether,1760054400000,1.0005326353908706
989,tether,1760140800000,1.0016980114477425
990,tether,1760227200000,1.0015910950619138
991,tether,1760313600000,1.0012064340426674
992,tether,1760400000000,1.0010448156599423
993,tether,1760486400000,1.0006630390150077
994,tether,1760572800000,1.000749398195703
995,tether,1760659200000,1.0004468221463727
996,tether,1760745600000,1.0007447500452409
997,tether,1760832000000,1.0006155367215122
998,tether,1760918400000,1.0005786726425696
999,tether,1761004800000,1.0005209542728335
1000,tether,1761091200000,1.0005377258321992
1001,tether,1761177600000,1.0003537541872067
1002,tether,1761264000000,1.0004373425122302
1003,tether,1761350400000,1.0003988225109746
1004,tether,1761436800000,1.0003768991286075
1005,tether,1761523200000,1.000176020519839
1006,tether,1761609600000,1.000152551518408
1007,tether,1761696000000,1.0003256637366387
1008,tether,1761782400000,1.0002963762458494
1009,tether,1761868800000,1.0001451170906006
1010,tether,1761955200000,0.9997613396310829
1011,tether,1762041600000,0.9998818639567623
1012,tether,1762128000000,1.000051051961886
1013,tether,1762214400000,0.999930831555092
1014,tether,1762300800000,1.0000184561644159
1015,tether,1762387200000,1.0000622627090339
1016,tether,1762473600000,0.9996022127140984
1017,tether,1762560000000,0.9997038898335675
1018,tether,1762646400000,0.9998054172250922
1019,tether,1762732800000,0.9997484395404648
1020,tether,1762819200000,0.9996030715147917
1021,tether,1762905600000,0.999349317395904
1022,tether,1762992000000,0.9998130307164758
1023,tether,1763078400000,0.9993618044307863
1024,tether,1763164800000,0.999680959130411
1025,tether,1763251200000,0.9996246101770074
1026,tether,1763337600000,0.9993190329462049
1027,tether,1763424000000,0.9989341251832764
1028,tether,1763510400000,0.99953538731093
1029,tether,1763596800000,0.9991356314216548
1030,tether,1763683200000,0.9989084510154201
1031,tether,1763769600000,0.9995667612223625
1032,tether,1763856000000,0.9996011360900307
1033,tether,1763942400000,0.9997980455482303
1034,tether,1764028800000,0.9998949863637528
1035,tether,1764115200000,0.999717867932697
1036,tether,1764201600000,0.9999518408386144
1037,tether,1764288000000,0.9999991140026167
1038,tether,1764374400000,1.0002318385773636
1039,tether,1764460800000,1.000340907895428
1040,tether,1764547200000,1.000181306641648
1041,tether,1764633600000,1.0000558497195582
1042,tether,1764720000000,1.000344051827248
1043,tether,1764806400000,1.0002864445960538
1044,tether,1764892800000,1.0001821287427555
1045,tether,1764979200000,1.0002399211259376
1046,tether,1765065600000,1.000291790862194
1047,tether,1765152000000,1.0002475315778305
1048,tether,1765238400000,1.0001107474548456
1049,tether,1765324800000,1.0000848799868705
1050,tether,1765411200000,1.0002070681900972
1051,tether,1765497600000,1.0001945938187802
1052,tether,1765584000000,1.0001854863063484
1053,tether,1765670400000,1.0001605788660395
1054,tether,1765756800000,1.0001851020212924
1055,tether,1765843200000,1.0000863047726964
1056,tether,1765929600000,0.9998948723968891
1057,tether,1766016000000,0.9997999195444268
1058,tether,1766102400000,0.9996105362032618
1059,tether,1766188800000,0.999472033793072
1060,tether,1766275200000,0.9997314653663346
1061,tether,1766361600000,0.9997879164137358
1062,tether,1766448000000,0.9995442858829462
1063,tether,1766534400000,0.9994863410961572
1064,tether,1766620800000,0.9995187050751727
1065,tether,1766707200000,0.9995192930170843
1066,tether,1766793600000,0.9993672322965341
1067,tether,1766880000000,0.9994697292631358
1068,tether,1766966400000,0.999388470477294
1069,tether,1767052800000,0.9989163153615535
1070,tether,1767139200000,0.9990185260447324
1071,tether,1767225600000,0.9986627246946019
1072,tether,1767312000000,0.9988679818488146
1073,tether,1767398400000,0.9995983333094133
1074,tether,1767484800000,0.9996521246231304
1075,tether,1767571200000,0.9996105685061611
1076,tether,1767657600000,0.9999633560368231
1077,tether,1767744000000,0.9996615466659723
1078,tether,1767830400000,0.9991211966174102
1079,tether,1767916800000,0.9991569593828226
1080,tether,1768003200000,0.9987276753488908
1081,tether,1768089600000,0.9987499416269449
1082,tether,1768176000000,0.9986722833366012
1083,tether,1768262400000,0.9989061546969549
1084,tether,1768348800000,0.999590698812193
1085,tether,1768435200000,0.9999649191311663
1086,tether,1768521600000,0.999724541665556
1087,tether,1768608000000,0.9996022336202626
1088,tether,1768694400000,0.9996410363945221
1089,tether,1768780800000,0.9996290977580051
1090,tether,1768867200000,0.9993594339116765
1091,tether,1768953600000,0.9988487030723944
1092,tether,1769040000000,0.9991305081309328
1093,tether,1769126400000,0.9990496724620155
1094,tether,1769212800000,0.998778892989168
1095,tether,1769299200000,0.9985569101355587
1096,tether,1769385600000,0.9989948541177421
1097,tether,1769409349000,0.9987515417139641
1098,binancecoin,1737936000000,664.4667087887276
1099,binancecoin,1738022400000,679.6778451363223
1100,binancecoin,1738108800000,661.6311598715406
1101,binancecoin,1738195200000,667.745952530571
1102,binancecoin,1738281600000,676.9452959901981
1103,binancecoin,1738368000000,677.1124207686067
1104,binancecoin,1738454400000,654.217143435919
1105,binancecoin,1738540800000,616.6428289864358
1106,binancecoin,1738627200000,616.4068055452193
1107,binancecoin,1738713600000,573.6042069760077
1108,binancecoin,1738800000000,569.5181048818762
1109,binancecoin,1738886400000,572.2112608064776
1110,binancecoin,1738972800000,578.4992668082035
1111,binancecoin,1739059200000,614.7094865407944
1112,binancecoin,1739145600000,617.2838550746773
1113,binancecoin,1739232000000,617.6277634766806
1114,binancecoin,1739318400000,643.374116169739
1115,binancecoin,1739404800000,698.0715219546765
1116,binancecoin,1739491200000,669.9136528267184
1117,binancecoin,1739577600000,657.410706012491
1118,binancecoin,1739664000000,661.9679162628277
1119,binancecoin,1739750400000,674.7322746333247
1120,binancecoin,1739836800000,667.1818129347955
1121,binancecoin,1739923200000,647.7337603591404
1122,binancecoin,1740009600000,651.2699602601128
1123,binancecoin,1740096000000,657.2357183731672
1124,binancecoin,1740182400000,646.8031724730836
1125,binancecoin,1740268800000,668.785472644957
1126,binancecoin,1740355200000,658.3040708334223
1127,binancecoin,1740441600000,611.6538008061765
1128,binancecoin,1740528000000,623.430675278815
1129,binancecoin,1740614400000,610.3578616799338
1130,binancecoin,1740700800000,605.3106534011248
1131,binancecoin,1740787200000,587.5469266891337
1132,binancecoin,1740873600000,608.2885669828928
1133,binancecoin,1740960000000,623.6422270366194
1134,binancecoin,1741046400000,574.3332822956445
1135,binancecoin,1741132800000,583.1532087181396
1136,binancecoin,1741219200000,597.848549405523
1137,binancecoin,1741305600000,595.9383138170398
1138,binancecoin,1741392000000,594.5528006856207
1139,binancecoin,1741478400000,593.0806975943264
1140,binancecoin,1741564800000,554.7300039388367
1141,binancecoin,1741651200000,532.5658810549988
1142,binancecoin,1741737600000,552.6254279577566
1143,binancecoin,1741824000000,570.7207702766447
1144,binancecoin,1741910400000,578.7156213732173
1145,binancecoin,1741996800000,586.9702499764328
1146,binancecoin,1742083200000,618.7666348359702
1147,binancecoin,1742169600000,602.0153495286127
1148,binancecoin,1742256000000,630.4469540119447
1149,binancecoin,1742342400000,628.6214098323479
1150,binancecoin,1742428800000,619.5659214134856
1151,binancecoin,1742515200000,630.2183910262637
1152,binancecoin,1742601600000,634.6156759206938
1153,binancecoin,1742688000000,626.1359464582463
1154,binancecoin,1742774400000,622.808568853935
1155,binancecoin,1742860800000,635.8154787603806
1156,binancecoin,1742947200000,630.3112214019164
1157,binancecoin,1743033600000,617.8855000907927
1158,binancecoin,1743120000000,637.6132125269871
1159,binancecoin,1743206400000,619.5224559274657
1160,binancecoin,1743292800000,604.0434442333641
1161,binancecoin,1743379200000,601.4706478405623
1162,binancecoin,1743465600000,605.503011770793
1163,binancecoin,1743552000000,611.0283776490112
1164,binancecoin,1743638400000,589.8692678191657
1165,binancecoin,1743724800000,592.4642522121785
1166,binancecoin,1743811200000,597.7592047746326
1167,binancecoin,1743897600000,594.0888077893536
1168,binancecoin,1743984000000,554.4379559214581
1169,binancecoin,1744070400000,554.1601019762941
1170,binancecoin,1744156800000,553.3962669418149
1171,binancecoin,1744243200000,582.2597810033054
1172,binancecoin,1744329600000,577.2921769307156
1173,binancecoin,1744416000000,586.1297244063287
1174,binancecoin,1744502400000,596.9496743252538
1175,binancecoin,1744588800000,583.6441112439634
1176,binancecoin,1744675200000,584.5130373558429
1177,binancecoin,1744761600000,579.7117342988385
1178,binancecoin,1744848000000,582.9884895445316
1179,binancecoin,1744934400000,590.1449424870344
1180,binancecoin,1745020800000,591.7558249048697
1181,binancecoin,1745107200000,592.1191922418601
1182,binancecoin,1745193600000,592.9015532596577
1183,binancecoin,1745280000000,596.742721454172
1184,binancecoin,1745366400000,617.6497009116878
1185,binancecoin,1745452800000,606.1742820090113
1186,binancecoin,1745539200000,602.1970676660677
1187,binancecoin,1745625600000,600.1913883958081
1188,binancecoin,1745712000000,607.8085377229048
1189,binancecoin,1745798400000,603.5371460135477
1190,binancecoin,1745884800000,606.1285517158251
1191,binancecoin,1745971200000,600.5889575399475
1192,binancecoin,1746057600000,599.6302002732988
1193,binancecoin,1746144000000,599.5796914410877
1194,binancecoin,1746230400000,601.3244678537958
1195,binancecoin,1746316800000,599.2468842902798
1196,binancecoin,1746403200000,585.8899216562841
1197,binancecoin,1746489600000,597.9661578698278
1198,binancecoin,1746576000000,603.0175211984405
1199,binancecoin,1746662400000,603.144369158166
1200,binancecoin,1746748800000,628.2798237375861
1201,binancecoin,1746835200000,666.6606824091106
1202,binancecoin,1746921600000,662.3379085253329
1203,binancecoin,1747008000000,650.8664613901699
1204,binancecoin,1747094400000,660.9533536861077
1205,binancecoin,1747180800000,666.2402578411695
1206,binancecoin,1747267200000,651.6490150180347
1207,binancecoin,1747353600000,651.1362648113163
1208,binancecoin,1747440000000,647.3412018782846
1209,binancecoin,1747526400000,639.5979769763185
1210,binancecoin,1747612800000,649.3806686821907
1211,binancecoin,1747699200000,651.0389804540937
1212,binancecoin,1747785600000,650.951301036078
1213,binancecoin,1747872000000,674.7138326551593
1214,binancecoin,1747958400000,686.0302393255067
1215,binancecoin,1748044800000,655.3681110510369
1216,binancecoin,1748131200000,667.9647953294073
1217,binancecoin,1748217600000,670.0121393931087
1218,binancecoin,1748304000000,673.7837605333261
1219,binancecoin,1748390400000,687.4363026293119
1220,binancecoin,1748476800000,687.631059296252
1221,binancecoin,1748563200000,675.4110812815895
1222,binancecoin,1748649600000,656.2031380761879
1223,binancecoin,1748736000000,658.5726942750157
1224,binancecoin,1748822400000,661.3452261434389
1225,binancecoin,1748908800000,666.0561104906627
1226,binancecoin,1748995200000,661.17332497159
1227,binancecoin,1749081600000,663.70338541173
1228,binancecoin,1749168000000,634.1479715861758
1229,binancecoin,1749254400000,643.7566841456504
1230,binancecoin,1749340800000,650.7937997932994
1231,binancecoin,1749427200000,652.274428548494
1232,binancecoin,1749513600000,666.3374143222443
1233,binancecoin,1749600000000,673.4760595844963
1234,binancecoin,1749686400000,667.7388930109494
1235,binancecoin,1749772800000,656.4804964003403
1236,binancecoin,1749859200000,654.9095462616511
1237,binancecoin,1749945600000,645.8086677048335
1238,binancecoin,1750032000000,648.2042600997396
1239,binancecoin,1750118400000,651.4813571171453
1240,binancecoin,1750204800000,648.799470473488
1241,binancecoin,1750291200000,643.7728727892951
1242,binancecoin,1750377600000,644.3626647131019
1243,binancecoin,1750464000000,641.4660754156638
1244,binancecoin,1750550400000,626.5687672231079
1245,binancecoin,1750636800000,615.9200839908369
1246,binancecoin,1750723200000,640.2543180324582
1247,binancecoin,1750809600000,643.4133640920619
1248,binancecoin,1750896000000,645.8665732235779
1249,binancecoin,1750982400000,642.4572030728536
1250,binancecoin,1751068800000,645.9995550778237
1251,binancecoin,1751155200000,648.766805209224
1252,binancecoin,1751241600000,655.0764136195659
1253,binancecoin,1751328000000,657.0109566115938
1254,binancecoin,1751414400000,646.1777891600059
1255,binancecoin,1751500800000,660.0254823640146
1256,binancecoin,1751587200000,663.0154690088326
1257,binancecoin,1751673600000,653.1616270479346
1258,binancecoin,1751760000000,655.9253698398683
1259,binancecoin,1751846400000,663.0185149322261
1260,binancecoin,1751932800000,661.2876967099644
1261,binancecoin,1752019200000,660.7042150664093
1262,binancecoin,1752105600000,669.2613994307441
1263,binancecoin,1752192000000,685.1054482111715
1264,binancecoin,1752278400000,689.8418420972016
1265,binancecoin,1752364800000,685.4703165458919
1266,binancecoin,1752451200000,692.0429275667424
1267,binancecoin,1752537600000,689.3152771073793
1268,binancecoin,1752624000000,689.863427315096
1269,binancecoin,1752710400000,708.5580809732663
1270,binancecoin,1752796800000,722.3981283678474
1271,binancecoin,1752883200000,729.5149107763856
1272,binancecoin,1752969600000,732.9272514055848
1273,binancecoin,1753056000000,758.1392224608369
1274,binancecoin,1753142400000,766.3958790528078
1275,binancecoin,1753228800000,786.4807204757146
1276,binancecoin,1753315200000,776.2226902262614
1277,binancecoin,1753401600000,771.2312622168195
1278,binancecoin,1753488000000,784.7856013546323
1279,binancecoin,1753574400000,794.2867236239222
1280,binancecoin,1753660800000,843.449638843771
1281,binancecoin,1753747200000,822.2765976915088
1282,binancecoin,1753833600000,805.1438193193468
1283,binancecoin,1753920000000,793.8734614175534
1284,binancecoin,1754006400000,783.0023910772859
1285,binancecoin,1754092800000,756.4574114847068
1286,binancecoin,1754179200000,736.6587769385911
1287,binancecoin,1754265600000,751.4001548118117
1288,binancecoin,1754352000000,768.5544340737234
1289,binancecoin,1754438400000,754.7878000846929
1290,binancecoin,1754524800000,769.8555506826906
1291,binancecoin,1754611200000,787.1948285374559
1292,binancecoin,1754697600000,793.1777287850201
1293,binancecoin,1754784000000,799.1991047067497
1294,binancecoin,1754870400000,804.8956334719561
1295,binancecoin,1754956800000,806.8312185132748
1296,binancecoin,1755043200000,834.446637547768
1297,binancecoin,1755129600000,849.5528663342336
1298,binancecoin,1755216000000,842.2643191559952
1299,binancecoin,1755302400000,827.2916811192079
1300,binancecoin,1755388800000,839.0566611983465
1301,binancecoin,1755475200000,856.9424560582937
1302,binancecoin,1755561600000,848.2298792758197
1303,binancecoin,1755648000000,823.4566682430556
1304,binancecoin,1755734400000,870.0388548973078
1305,binancecoin,1755820800000,838.3671602294102
1306,binancecoin,1755907200000,899.0447590707095
1307,binancecoin,1755993600000,880.2145462822662
1308,binancecoin,1756080000000,876.0729413672346
1309,binancecoin,1756166400000,840.2868104582814
1310,binancecoin,1756252800000,864.1213024474413
1311,binancecoin,1756339200000,856.0552312979237
1312,binancecoin,1756425600000,874.7487534677291
1313,binancecoin,1756512000000,863.6575485254209
1314,binancecoin,1756598400000,861.923469050824
1315,binancecoin,1756684800000,857.819601972643
1316,binancecoin,1756771200000,845.916487927506
1317,binancecoin,1756857600000,851.6937445280856
1318,binancecoin,1756944000000,855.1110256828161
1319,binancecoin,1757030400000,843.6735934362805
1320,binancecoin,1757116800000,849.7184902459278
1321,binancecoin,1757203200000,861.6639369838142
1322,binancecoin,1757289600000,881.3845363246559
1323,binancecoin,1757376000000,878.2339242329539
1324,binancecoin,1757462400000,879.833817211316
1325,binancecoin,1757548800000,893.578793274879
1326,binancecoin,1757635200000,902.876846974473
1327,binancecoin,1757721600000,925.1660418381477
1328,binancecoin,1757808000000,933.8971704994946
1329,binancecoin,1757894400000,926.8412817390542
1330,binancecoin,1757980800000,919.2250351484705
1331,binancecoin,1758067200000,955.3487499241552
1332,binancecoin,1758153600000,991.3973181432295
1333,binancecoin,1758240000000,982.076570691383
1334,binancecoin,1758326400000,982.6879738189483
1335,binancecoin,1758412800000,1042.406078066426
1336,binancecoin,1758499200000,1048.5649851048527
1337,binancecoin,1758585600000,992.3881905006706
1338,binancecoin,1758672000000,1017.4645009307637
1339,binancecoin,1758758400000,1018.067792712729
1340,binancecoin,1758844800000,944.4003758447785
1341,binancecoin,1758931200000,960.6805874196078
1342,binancecoin,1759017600000,968.6806715896132
1343,binancecoin,1759104000000,993.2079048442275
1344,binancecoin,1759190400000,1030.030963111487
1345,binancecoin,1759276800000,1008.9225311714104
1346,binancecoin,1759363200000,1025.8187850123247
1347,binancecoin,1759449600000,1090.3115640663682
1348,binancecoin,1759536000000,1190.0540938314145
1349,binancecoin,1759622400000,1149.536376093483
1350,binancecoin,1759708800000,1165.4778023162069
1351,binancecoin,1759795200000,1224.574210222444
1352,binancecoin,1759881600000,1311.712914691701
1353,binancecoin,1759968000000,1306.4812320510532
1354,binancecoin,1760054400000,1255.8786646242372
1355,binancecoin,1760140800000,1110.8141755974673
1356,binancecoin,1760227200000,1138.1246823442061
1357,binancecoin,1760313600000,1298.7908005975073
1358,binancecoin,1760400000000,1293.0722313476617
1359,binancecoin,1760486400000,1212.283351974494
1360,binancecoin,1760572800000,1161.734804798178
1361,binancecoin,1760659200000,1143.731369922843
1362,binancecoin,1760745600000,1071.5486432574182
1363,binancecoin,1760832000000,1092.456873698318
1364,binancecoin,1760918400000,1109.7463758132928
1365,binancecoin,1761004800000,1100.594219041398
1366,binancecoin,1761091200000,1057.8502060144851
1367,binancecoin,1761177600000,1071.3354220022431
1368,binancecoin,1761264000000,1127.358071433892
1369,binancecoin,1761350400000,1109.178393744721
1370,binancecoin,1761436800000,1116.6415202338756
1371,binancecoin,1761523200000,1136.879092448019
1372,binancecoin,1761609600000,1140.4846092726004
1373,binancecoin,1761696000000,1103.595300080196
1374,binancecoin,1761782400000,1106.7871126244677
1375,binancecoin,1761868800000,1078.7188521029816
1376,binancecoin,1761955200000,1088.7331766998475
1377,binancecoin,1762041600000,1094.4541628666802
1378,binancecoin,1762128000000,1083.698416513334
1379,binancecoin,1762214400000,992.195531851008
1380,binancecoin,1762300800000,938.891751599157
1381,binancecoin,1762387200000,959.9701458776641
1382,binancecoin,1762473600000,948.6793778409456
1383,binancecoin,1762560000000,990.5899790534177
1384,binancecoin,1762646400000,989.8862403988059
1385,binancecoin,1762732800000,996.308790029525
1386,binancecoin,1762819200000,991.3653787289568
1387,binancecoin,1762905600000,957.149279725558
1388,binancecoin,1762992000000,952.9170115918621
1389,binancecoin,1763078400000,927.1219876913323
1390,binancecoin,1763164800000,917.7022398201406
1391,binancecoin,1763251200000,931.9743286141038
1392,binancecoin,1763337600000,928.5079796470696
1393,binancecoin,1763424000000,906.7197811831101
1394,binancecoin,1763510400000,932.0597430569885
1395,binancecoin,1763596800000,894.7896141305321
1396,binancecoin,1763683200000,866.7212975475668
1397,binancecoin,1763769600000,831.1648478578168
1398,binancecoin,1763856000000,833.4782529297297
1399,binancecoin,1763942400000,843.0327408998495
1400,binancecoin,1764028800000,864.3540154398011
1401,binancecoin,1764115200000,861.9171451304046
1402,binancecoin,1764201600000,891.7232823713881
1403,binancecoin,1764288000000,895.3979231885241
1404,binancecoin,1764374400000,887.5558493593282
1405,binancecoin,1764460800000,873.7626867754427
1406,binancecoin,1764547200000,877.7990241108373
1407,binancecoin,1764633600000,827.4880333310571
1408,binancecoin,1764720000000,876.7469880502844
1409,binancecoin,1764806400000,922.3452824680271
1410,binancecoin,1764892800000,900.2311130891073
1411,binancecoin,1764979200000,883.6707054897142
1412,binancecoin,1765065600000,890.2442866831284
1413,binancecoin,1765152000000,892.8659344513236
1414,binancecoin,1765238400000,897.4003709684328
1415,binancecoin,1765324800000,899.4035882994448
1416,binancecoin,1765411200000,894.4021116794611
1417,binancecoin,1765497600000,885.6320356392306
1418,binancecoin,1765584000000,882.1612967807799
1419,binancecoin,1765670400000,897.3110444563038
1420,binancecoin,1765756800000,878.3885175348196
1421,binancecoin,1765843200000,858.4116623377057
1422,binancecoin,1765929600000,874.6720838564994
1423,binancecoin,1766016000000,842.7888780335543
1424,binancecoin,1766102400000,829.1719378700606
1425,binancecoin,1766188800000,855.957117266356
1426,binancecoin,1766275200000,853.5635263159346
1427,binancecoin,1766361600000,857.8618459584029
1428,binancecoin,1766448000000,858.018474136862
1429,binancecoin,1766534400000,843.9156558740143
1430,binancecoin,1766620800000,846.6127954902438
1431,binancecoin,1766707200000,828.8695540284072
1432,binancecoin,1766793600000,834.3408283262127
1433,binancecoin,1766880000000,844.6780493960856
1434,binancecoin,1766966400000,858.791572988669
1435,binancecoin,1767052800000,851.1900442578194
1436,binancecoin,1767139200000,860.3384247437768
1437,binancecoin,1767225600000,863.1574666286001
1438,binancecoin,1767312000000,862.9202786806326
1439,binancecoin,1767398400000,880.5981987516783
1440,binancecoin,1767484800000,878.7329288702774
1441,binancecoin,1767571200000,894.4508344273104
1442,binancecoin,1767657600000,910.9079403595276
1443,binancecoin,1767744000000,917.6345878314794
1444,binancecoin,1767830400000,899.3115791273906
1445,binancecoin,1767916800000,891.5992569838319
1446,binancecoin,1768003200000,895.5121731855866
1447,binancecoin,1768089600000,906.6887224157771
1448,binancecoin,1768176000000,902.7664964152219
1449,binancecoin,1768262400000,905.5295124491013
1450,binancecoin,1768348800000,942.4122356291538
1451,binancecoin,1768435200000,949.0987145957889
1452,binancecoin,1768521600000,930.8892064404015
1453,binancecoin,1768608000000,937.687896295784
1454,binancecoin,1768694400000,946.9959081738135
1455,binancecoin,1768780800000,933.8079144307845
1456,binancecoin,1768867200000,922.3076030339913
1457,binancecoin,1768953600000,884.4648847958442
1458,binancecoin,1769040000000,882.3554922284878
1459,binancecoin,1769126400000,886.8801866366052
1460,binancecoin,1769212800000,890.5047011445338
1461,binancecoin,1769299200000,886.0721909071814
1462,binancecoin,1769385600000,864.4439519225823
1463,binancecoin,1769409362000,871.0940901554093
1464,ripple,1737936000000,3.0173114670832017
1465,ripple,1738022400000,3.050802421938607
1466,ripple,1738108800000,3.0611147556516607
1467,ripple,1738195200000,3.0691756838533526
1468,ripple,1738281600000,3.1319365812312867
1469,ripple,1738368000000,3.0378089439522897
1470,ripple,1738454400000,2.8808649918084224
1471,ripple,1738540800000,2.5701343337873217
1472,ripple,1738627200000,2.692671869551836
1473,ripple,1738713600000,2.5396358959727894
1474,ripple,1738800000000,2.382739358632423
1475,ripple,1738886400000,2.3220918869431886
1476,ripple,1738972800000,2.392435922501591
1477,ripple,1739059200000,2.4256391631678023
1478,ripple,1739145600000,2.3984218500627317
1479,ripple,1739232000000,2.4205102148292257
1480,ripple,1739318400000,2.415999707081464
1481,ripple,1739404800000,2.471858085297504
1482,ripple,1739491200000,2.5469915483007073
1483,ripple,1739577600000,2.7396888464817004
1484,ripple,1739664000000,2.761982091436805
1485,ripple,1739750400000,2.7251894289423855
1486,ripple,1739836800000,2.657177556541445
1487,ripple,1739923200000,2.5598643991689105
1488,ripple,1740009600000,2.735199200390807
1489,ripple,1740096000000,2.692229831317779
1490,ripple,1740182400000,2.5717797656907977
1491,ripple,1740268800000,2.575864230459674
1492,ripple,1740355200000,2.5798851271909053
1493,ripple,1740441600000,2.276184020826259
1494,ripple,1740528000000,2.3223450440589835
1495,ripple,1740614400000,2.189561722001525
1496,ripple,1740700800000,2.198289525306682
1497,ripple,1740787200000,2.1465990447641925
1498,ripple,1740873600000,2.1894731626978965
1499,ripple,1740960000000,2.9400745785854188
1500,ripple,1741046400000,2.388920229250619
1501,ripple,1741132800000,2.457837324155463
1502,ripple,1741219200000,2.499863067769013
1503,ripple,1741305600000,2.5997307467157778
1504,ripple,1741392000000,2.380727791456965
1505,ripple,1741478400000,2.3242332249590425
1506,ripple,1741564800000,2.1362635270101267
1507,ripple,1741651200000,2.029057833175655
1508,ripple,1741737600000,2.169350707525431
1509,ripple,1741824000000,2.2417249293681443
1510,ripple,1741910400000,2.2504187411894
1511,ripple,1741996800000,2.3564128660327603
1512,ripple,1742083200000,2.392285579817487
1513,ripple,1742169600000,2.3009096388651695
1514,ripple,1742256000000,2.3408005213311123
1515,ripple,1742342400000,2.2893484606821164
1516,ripple,1742428800000,2.5520572493716633
1517,ripple,1742515200000,2.4346891248225995
1518,ripple,1742601600000,2.381259233831182
1519,ripple,1742688000000,2.3671814913704625
1520,ripple,1742774400000,2.4358937819105337
1521,ripple,1742860800000,2.4467862393977193
1522,ripple,1742947200000,2.4520786954901945
1523,ripple,1743033600000,2.349686594688749
1524,ripple,1743120000000,2.339530083958925
1525,ripple,1743206400000,2.2038347130132383
1526,ripple,1743292800000,2.1388622985209467
1527,ripple,1743379200000,2.135945706762188
1528,ripple,1743465600000,2.0905159571547878
1529,ripple,1743552000000,2.140991043686336
1530,ripple,1743638400000,2.030360837075233
1531,ripple,1743724800000,2.0641704630367608
1532,ripple,1743811200000,2.1277037304012105
1533,ripple,1743897600000,2.148561695180789
1534,ripple,1743984000000,1.9232068608073252
1535,ripple,1744070400000,1.8972731944488423
1536,ripple,1744156800000,1.791941720267648
1537,ripple,1744243200000,2.0504426400353335
1538,ripple,1744329600000,1.96981883924698
1539,ripple,1744416000000,2.0237864771088336
1540,ripple,1744502400000,2.156688589695265
1541,ripple,1744588800000,2.118179146058531
1542,ripple,1744675200000,2.127444298086899
1543,ripple,1744761600000,2.087166740701441
1544,ripple,1744848000000,2.0835198434155506
1545,ripple,1744934400000,2.0677436115822867
1546,ripple,1745020800000,2.062691684044618
1547,ripple,1745107200000,2.0855273823856817
1548,ripple,1745193600000,2.0747196454629124
1549,ripple,1745280000000,2.0806696781556395
1550,ripple,1745366400000,2.221159426695198
1551,ripple,1745452800000,2.217823599038466
1552,ripple,1745539200000,2.206600349886956
1553,ripple,1745625600000,2.1852873809524738
1554,ripple,1745712000000,2.1932493737799863
1555,ripple,1745798400000,2.2566771719971905
1556,ripple,1745884800000,2.2959679622378415
1557,ripple,1745971200000,2.2399407863578777
1558,ripple,1746057600000,2.1934727928877984
1559,ripple,1746144000000,2.2143085222346612
1560,ripple,1746230400000,2.2089170454344824
1561,ripple,1746316800000,2.188707355411367
1562,ripple,1746403200000,2.1580623583353407
1563,ripple,1746489600000,2.1371617409153263
1564,ripple,1746576000000,2.1553467775958843
1565,ripple,1746662400000,2.1289110212370352
1566,ripple,1746748800000,2.318857034757937
1567,ripple,1746835200000,2.34260418658349
1568,ripple,1746921600000,2.465515991652043
1569,ripple,1747008000000,2.3665185406774456
1570,ripple,1747094400000,2.5407166812994824
1571,ripple,1747180800000,2.5882656119238727
1572,ripple,1747267200000,2.552660064054796
1573,ripple,1747353600000,2.3780203600308965
1574,ripple,1747440000000,2.387491166631724
1575,ripple,1747526400000,2.352615765613394
1576,ripple,1747612800000,2.4178990437197814
1577,ripple,1747699200000,2.3808727609208282
1578,ripple,1747785600000,2.356578233921423
1579,ripple,1747872000000,2.4028996266349396
1580,ripple,1747958400000,2.4284164339274192
1581,ripple,1748044800000,2.2991928362328755
1582,ripple,1748131200000,2.3319094660057416
1583,ripple,1748217600000,2.3405861862412927
1584,ripple,1748304000000,2.3082922649115565
1585,ripple,1748390400000,2.3186677687774426
1586,ripple,1748476800000,2.2746048552552507
1587,ripple,1748563200000,2.2505538163676135
1588,ripple,1748649600000,2.1423194738068942
1589,ripple,1748736000000,2.177000081626197
1590,ripple,1748822400000,2.1802830722675224
1591,ripple,1748908800000,2.2004265864927537
1592,ripple,1748995200000,2.2486280245071963
1593,ripple,1749081600000,2.202322198067478
1594,ripple,1749168000000,2.0970164299223453
1595,ripple,1749254400000,2.163852346114403
1596,ripple,1749340800000,2.1779065492597427
1597,ripple,1749427200000,2.2629632981656744
1598,ripple,1749513600000,2.321075765224377
1599,ripple,1749600000000,2.305016386019404
1600,ripple,1749686400000,2.2701428874939213
1601,ripple,1749772800000,2.1954298391805
1602,ripple,1749859200000,2.148866270593598
1603,ripple,1749945600000,2.141891800480294
1604,ripple,1750032000000,2.166318490313782
1605,ripple,1750118400000,2.255537416572947
1606,ripple,1750204800000,2.1632317759396993
1607,ripple,1750291200000,2.1686830671349613
1608,ripple,1750377600000,2.166239439916603
1609,ripple,1750464000000,2.1201128146436803
1610,ripple,1750550400000,2.044379922195215
1611,ripple,1750636800000,2.013512764553698
1612,ripple,1750723200000,2.1640075102022664
1613,ripple,1750809600000,2.1890368617248566
1614,ripple,1750896000000,2.1839169388853152
1615,ripple,1750982400000,2.105597069865388
1616,ripple,1751068800000,2.140945561649059
1617,ripple,1751155200000,2.185743305637095
1618,ripple,1751241600000,2.2080779439640237
1619,ripple,1751328000000,2.2397868943055363
1620,ripple,1751414400000,2.171453605552325
1621,ripple,1751500800000,2.234339504341481
1622,ripple,1751587200000,2.2565985381225446
1623,ripple,1751673600000,2.220660517934634
1624,ripple,1751760000000,2.2177115630108464
1625,ripple,1751846400000,2.2711234551626793
1626,ripple,1751932800000,2.275084085302051
1627,ripple,1752019200000,2.3106154308712163
1628,ripple,1752105600000,2.405267395272407
1629,ripple,1752192000000,2.5456780481070833
1630,ripple,1752278400000,2.735777793849028
1631,ripple,1752364800000,2.7403085663356155
1632,ripple,1752451200000,2.836943449825265
1633,ripple,1752537600000,2.954285567242737
1634,ripple,1752624000000,2.917723690315136
1635,ripple,1752710400000,3.0408154279719146
1636,ripple,1752796800000,3.494535310837583
1637,ripple,1752883200000,3.417044710420229
1638,ripple,1752969600000,3.43091157808989
1639,ripple,1753056000000,3.455651421168503
1640,ripple,1753142400000,3.55629271011838
1641,ripple,1753228800000,3.5512409390828505
1642,ripple,1753315200000,3.1784172529582473
1643,ripple,1753401600000,3.1443151661109243
1644,ripple,1753488000000,3.1383147630505817
1645,ripple,1753574400000,3.167241692335099
1646,ripple,1753660800000,3.232752992185551
1647,ripple,1753747200000,3.1234939366799126
1648,ripple,1753833600000,3.1280707477497427
1649,ripple,1753920000000,3.0996192442543777
1650,ripple,1754006400000,3.0232512791444304
1651,ripple,1754092800000,2.9619031982658726
1652,ripple,1754179200000,2.769267387192411
1653,ripple,1754265600000,2.9486352217251337
1654,ripple,1754352000000,3.0727905982283095
1655,ripple,1754438400000,2.9649981287242557
1656,ripple,1754524800000,2.992045726720115
1657,ripple,1754611200000,3.3154332521736825
1658,ripple,1754697600000,3.288160253111489
1659,ripple,1754784000000,3.229511537620619
1660,ripple,1754870400000,3.1838901988281205
1661,ripple,1754956800000,3.1394273590070134
1662,ripple,1755043200000,3.26747236546907
1663,ripple,1755129600000,3.2866811377117644
1664,ripple,1755216000000,3.0872106726905346
1665,ripple,1755302400000,3.0773729481839958
1666,ripple,1755388800000,3.106969288649059
1667,ripple,1755475200000,3.0953855433967075
1668,ripple,1755561600000,3.060621197547626
1669,ripple,1755648000000,2.8587366392387112
1670,ripple,1755734400000,2.952309340790555
1671,ripple,1755820800000,2.8498230079250755
1672,ripple,1755907200000,3.0732747821154365
1673,ripple,1755993600000,3.0458254666203546
1674,ripple,1756080000000,3.02786808477519
1675,ripple,1756166400000,2.862667277824852
1676,ripple,1756252800000,3.011834539503525
1677,ripple,1756339200000,2.9671217194399038
1678,ripple,1756425600000,2.9671844322262273
1679,ripple,1756512000000,2.823231531748928
1680,ripple,1756598400000,2.8166293700860887
1681,ripple,1756684800000,2.776712609891609
1682,ripple,1756771200000,2.752094842681695
1683,ripple,1756857600000,2.861352340590463
1684,ripple,1756944000000,2.8440111306765328
1685,ripple,1757030400000,2.797620314598713
1686,ripple,1757116800000,2.8160947139230124
1687,ripple,1757203200000,2.8106516044524614
1688,ripple,1757289600000,2.881098102223723
1689,ripple,1757376000000,2.9693752178894965
1690,ripple,1757462400000,2.94711316566773
1691,ripple,1757548800000,2.9831115371091697
1692,ripple,1757635200000,3.042189592870322
1693,ripple,1757721600000,3.1075619727179338
1694,ripple,1757808000000,3.1226735093963653
1695,ripple,1757894400000,3.0312637323512215
1696,ripple,1757980800000,2.9940861270543375
1697,ripple,1758067200000,3.0381334165695297
1698,ripple,1758153600000,3.083983468328553
1699,ripple,1758240000000,3.0778034182571985
1700,ripple,1758326400000,2.9911678094786853
1701,ripple,1758412800000,2.9767316725840836
1702,ripple,1758499200000,2.9733496913212485
1703,ripple,1758585600000,2.851139194678168
1704,ripple,1758672000000,2.8290556379505225
1705,ripple,1758758400000,2.9285889681239876
1706,ripple,1758844800000,2.7391226387021668
1707,ripple,1758931200000,2.78626651562758
1708,ripple,1759017600000,2.8077761197607156
1709,ripple,1759104000000,2.864956739306865
1710,ripple,1759190400000,2.8820677870561946
1711,ripple,1759276800000,2.844933401817261
1712,ripple,1759363200000,2.94479751207665
1713,ripple,1759449600000,3.0371524340279654
1714,ripple,1759536000000,3.0413663901904453
1715,ripple,1759622400000,2.9697246277119143
1716,ripple,1759708800000,2.970720012302302
1717,ripple,1759795200000,2.991602626695257
1718,ripple,1759881600000,2.857057632365177
1719,ripple,1759968000000,2.8805684212620997
1720,ripple,1760054400000,2.8050759101908103
1721,ripple,1760140800000,2.3838350726730484
1722,ripple,1760227200000,2.3859045362580757
1723,ripple,1760313600000,2.5312630934147733
1724,ripple,1760400000000,2.60498951616126
1725,ripple,1760486400000,2.5061812994119887
1726,ripple,1760572800000,2.4107851679488945
1727,ripple,1760659200000,2.3252186675017006
1728,ripple,1760745600000,2.2957327819062083
1729,ripple,1760832000000,2.3596315316088416
1730,ripple,1760918400000,2.389625527633369
1731,ripple,1761004800000,2.490117031449711
1732,ripple,1761091200000,2.4235930180546776
1733,ripple,1761177600000,2.3631248548137456
1734,ripple,1761264000000,2.3942046738111324
1735,ripple,1761350400000,2.504825180033832
1736,ripple,1761436800000,2.593725390920985
1737,ripple,1761523200000,2.645881508384711
1738,ripple,1761609600000,2.6352743169545323
1739,ripple,1761696000000,2.607884184498703
1740,ripple,1761782400000,2.5521455809931615
1741,ripple,1761868800000,2.4373365011802233
1742,ripple,1761955200000,2.5081131316915473
1743,ripple,1762041600000,2.504613534721328
1744,ripple,1762128000000,2.527623366103904
1745,ripple,1762214400000,2.3075208080429306
1746,ripple,1762300800000,2.2139228610122434
1747,ripple,1762387200000,2.3468300424460398
1748,ripple,1762473600000,2.2091841302505792
1749,ripple,1762560000000,2.315839328722371
1750,ripple,1762646400000,2.2848817063829197
1751,ripple,1762732800000,2.366057070769261
1752,ripple,1762819200000,2.5281078242198647
1753,ripple,1762905600000,2.390172266260892
1754,ripple,1762992000000,2.3832389457846697
1755,ripple,1763078400000,2.331388577331738
1756,ripple,1763164800000,2.2488473348561304
1757,ripple,1763251200000,2.235455773730874
1758,ripple,1763337600000,2.218219988506596
1759,ripple,1763424000000,2.160590388035999
1760,ripple,1763510400000,2.2139034771189343
1761,ripple,1763596800000,2.1066834909527383
1762,ripple,1763683200000,2.0000407183731164
1763,ripple,1763769600000,1.950091461265794
1764,ripple,1763856000000,1.9508235490170465
1765,ripple,1763942400000,2.0449210167731326
1766,ripple,1764028800000,2.2241484224164743
1767,ripple,1764115200000,2.1989437346568153
1768,ripple,1764201600000,2.224254821804325
1769,ripple,1764288000000,2.201122232723185
1770,ripple,1764374400000,2.180631384763347
1771,ripple,1764460800000,2.2028096835323647
1772,ripple,1764547200000,2.1652461437750383
1773,ripple,1764633600000,2.0310598795228767
1774,ripple,1764720000000,2.1570887957334866
1775,ripple,1764806400000,2.203321627854195
1776,ripple,1764892800000,2.0971829811461946
1777,ripple,1764979200000,2.0358303092663843
1778,ripple,1765065600000,2.0326777775330633
1779,ripple,1765152000000,2.039660348972326
1780,ripple,1765238400000,2.073039044939783
1781,ripple,1765324800000,2.1094322825594976
1782,ripple,1765411200000,2.0443398468981213
1783,ripple,1765497600000,2.036028301991718
1784,ripple,1765584000000,2.009806618706698
1785,ripple,1765670400000,2.0236207828673027
1786,ripple,1765756800000,1.9808608019799367
1787,ripple,1765843200000,1.8967832092786066
1788,ripple,1765929600000,1.92957963013441
1789,ripple,1766016000000,1.8617053529191656
1790,ripple,1766102400000,1.8076154274178682
1791,ripple,1766188800000,1.9061295130778346
1792,ripple,1766275200000,1.9319648860420446
1793,ripple,1766361600000,1.9229550458561633
1794,ripple,1766448000000,1.9022227646374048
1795,ripple,1766534400000,1.8732711631167218
1796,ripple,1766620800000,1.8619926573243448
1797,ripple,1766707200000,1.8316249623782512
1798,ripple,1766793600000,1.8429652913700634
1799,ripple,1766880000000,1.8733931841347928
1800,ripple,1766966400000,1.8645585666057287
1801,ripple,1767052800000,1.8475397987365316
1802,ripple,1767139200000,1.875100431832473
1803,ripple,1767225600000,1.839340516228945
1804,ripple,1767312000000,1.876580133618003
1805,ripple,1767398400000,2.0067430670680815
1806,ripple,1767484800000,2.0175062731579767
1807,ripple,1767571200000,2.090232038436175
1808,ripple,1767657600000,2.357096532639873
1809,ripple,1767744000000,2.306181895074802
1810,ripple,1767830400000,2.1647432080023226
1811,ripple,1767916800000,2.1251717689023337
1812,ripple,1768003200000,2.0927673320195863
1813,ripple,1768089600000,2.088652195195928
1814,ripple,1768176000000,2.0697438242842803
1815,ripple,1768262400000,2.0521552957803872
1816,ripple,1768348800000,2.1573149435015675
1817,ripple,1768435200000,2.139155616612297
1818,ripple,1768521600000,2.077452437224596
1819,ripple,1768608000000,2.068150596847967
1820,ripple,1768694400000,2.0617458056300615
1821,ripple,1768780800000,1.9952673135379637
1822,ripple,1768867200000,1.9884649839518649
1823,ripple,1768953600000,1.8875376220238804
1824,ripple,1769040000000,1.9437698220745168
1825,ripple,1769126400000,1.9204225104332826
1826,ripple,1769212800000,1.9194180431938297
1827,ripple,1769299200000,1.9133958344258726
1828,ripple,1769385600000,1.8327098897122869
1829,ripple,1769409370000,1.8783425887849061
